Signatures,Genes
CD_8_T_effector,CD8A/GZMA/GZMB/IFNG/CXCL9/CXCL10/PRF1/TBX21
DDR,UNG/SMUG1/MBD4/OGG1/MUTYH/NTHL1/MPG/NEIL1/NEIL2/NEIL3/APEX1/APEX2/LIG3/XRCC1/PNKP/APLF/PARP1/PARP2/PARP3/MGMT/ALKBH2/ALKBH3/TDP1/TDP2/MSH2/MSH3/MSH6/MLH1/PMS2/MSH4/MSH5/MLH3/PMS1/XPC/RAD23B/CETN2/RAD23A/XPA/DDB1/DDB2/RPA1/RPA2/RPA3/ERCC3/ERCC2/GTF2H1/GTF2H2/GTF2H3/GTF2H4/GTF2H5/CDK7/CCNH/MNAT1/ERCC5/ERCC1/ERCC4/LIG1/ERCC8/ERCC6/UVSSA/XAB2/MMS19/RAD51/RAD51B/RAD51D/DMC1/XRCC2/XRCC3/RAD52/RAD54L/RAD54B/BRCA1/SHFM1/RAD50/MRE11A/NBN/RBBP8/MUS81/EME1/EME2/GEN1/FANCA/FANCB/FANCC/BRCA2/FANCD2/FANCE/FANCF/FANCG/FANCI/BRIP1/FANCL/FANCM/PALB2/RAD51C/XRCC6/XRCC5/PRKDC/LIG4/XRCC4/DCLRE1C/NHEJ1/NUDT1/DUT/RRM2B/POLB/POLG/POLD1/POLE/PCNA/REV3L/MAD2L2/POLH/POLI/POLQ/POLK/POLL/POLM/POLN/FEN1/FAN1/TREX1/EXO1/APTX/ENDOV/UBE2A/UBE2B/RAD18/SHPRH/HLTF/RNF168/SPRTN/RNF8/RNF4/UBE2V2/UBE2N/H2AFX/CHAF1A/SETMAR/BLM/WRN/RECQL4/ATM/DCLRE1A/DCLRE1B/RPA4/PRPF19/RECQL/RECQL5/HELQ/RDM1/ATR/ATRIP/MDC1/RAD1/RAD9A/HUS1/RAD17/CHEK1/CHEK2/TP53/TP53BP1/RIF1/TOPBP1/CLK2/PER1
APM,B2M/HLA-A/HLA-B/HLA-C/TAP1/TAP2
Immune_Checkpoint,CD274/PDCD1LG2/CTLA4/PDCD1/LAG3/HAVCR2/TIGIT
CellCycle_Reg,ATM/CDKN1A/CDKN2A/MDM2/TP53/CCND1/RB1/CCNE1/FBXW7/E2F3
Pan_F_TBRs,ACTA2/ACTG2/ADAM12/ADAM19/CNN1/COL4A1/CTGF/CTPS1/FAM101B/FSTL3/HSPB1/IGFBP3/PXDC1/SEMA7A/SH3PXD2A/TAGLN/TGFBI/TNS1/TPM1
Histones,HIST1H2AI/HIST1H2AG/HIST1H2BL/HIST2H2BF
EMT1,CLDN3/CLDN7/CLDN4/CDH1/VIM/TWIST1/ZEB1/ZEB2
EMT2,AXL/ROR2/WNT5A/LOXL2/TWIST2/TAGLN/FAP
EMT3,SOX9/TWIST1/FOXF1/ZEB1/ZEB2/GATA6
WNT_target,EFNB3/MYC/TCF12/VEGFA
FGFR3_related,FGFR3/TP63/WNT7B
Cell_cycle,CDK2/CDK4/CDK6/CDK7/CDKN1A/CDKN1B/STAG1/CDKN1C/CDKN2A/CDKN2B/CDKN2C/CDKN2D/ANAPC10/MAD2L2/STAG2/PTTG2/GADD45G/DBF4/YWHAQ/CHEK1/CHEK2/CREBBP/GADD45A/E2F1/E2F2/E2F3/E2F4/E2F5/EP300/ORC6/ORC3/CDC26/ABL1/ANAPC13/SMC1B/SFN/GSK3B/ANAPC2/ANAPC4/HDAC1/HDAC2/MAD2L1/SMAD2/SMAD3/SMAD4/MCM2/MCM3/MCM4/MCM5/MCM6/MCM7/MDM2/MYC/GADD45B/ATM/ORC1/ORC2/ORC4/ORC5/PCNA/FZR1/ANAPC5/ANAPC7/ANAPC11/PLK1/ATR/PRKDC/RAD21/RB1/RBL1/RBL2/CCND1/ANAPC1/SKP1/SKP2/BUB1/BUB1B/TFDP1/TFDP2/TGFB1/TGFB2/TGFB3/TP53/TTK/WEE1/YWHAB/YWHAE/YWHAG/YWHAH/YWHAZ/ZBTB17/SMC1A/CDC7/CDC45/MAD1L1/CUL1/CCNB3/CDC14B/CDC14A/CDC23/CDC16/CCNA2/CCNA1/CCNB1/CCND2/CCND3/CCNE1/CCNH/PKMYT1/SMC3/CCNB2/CCNE2/BUB3/PTTG1/ESPL1/CDK1/CDC6/CDC20/CDC25A/CDC25B/CDC25C/CDC27/RBX1
Mismatch_Repair,POLD3/MLH3/MSH6/RPA4/LIG1/MLH1/MSH2/MSH3/PCNA/PMS2/POLD1/POLD2/POLD4/RFC1/RFC2/RFC3/RFC4/RFC5/RPA1/RPA2/RPA3/SSBP1/EXO1
Homologous_recombination,RAD50/POLD3/EME1/RAD54B/RPA4/MRE11A/NBN/POLD1/POLD2/POLD4/RAD51/RAD51C/RAD51B/RAD51D/RAD52/RPA1/RPA2/RPA3/BLM/SSBP1/BRCA2/TOP3A/XRCC2/XRCC3/SHFM1/MUS81/RAD54L/TOP3B
Nucleotide_excision_repair,CDK7/CETN2/POLD3/ERCC8/DDB1/DDB2/ERCC1/ERCC2/ERCC3/ERCC4/ERCC5/ERCC6/GTF2H1/GTF2H2/GTF2H3/GTF2H4/RPA4/LIG1/GTF2H5/MNAT1/PCNA/POLE3/POLD1/POLD2/POLE/POLE2/POLE4/POLD4/RAD23A/RAD23B/RFC1/RFC2/RFC3/RFC4/RFC5/RPA1/RPA2/RPA3/XPA/XPC/CUL4B/CUL4A/CCNH/RBX1
DNA_replication,RNASEH2A/POLD3/DNA2/FEN1/POLA2/RNASEH1/RPA4/LIG1/MCM2/MCM3/MCM4/MCM5/MCM6/MCM7/PCNA/POLE3/POLA1/POLD1/POLD2/POLE/POLE2/PRIM1/PRIM2/POLE4/POLD4/RFC1/RFC2/RFC3/RFC4/RFC5/RPA1/RPA2/RPA3/SSBP1/RNASEH2B/RNASEH2C
Base_excision_repair,PARP2/PARP3/POLD3/PARP1/PARP4/FEN1/SMUG1/NEIL2/APEX2/POLL/HMGB1/APEX1/LIG1/LIG3/MPG/MUTYH/NTHL1/OGG1/PCNA/POLE3/POLB/POLD1/POLD2/POLE/POLE2/NEIL3/POLE4/POLD4/UNG/XRCC1/NEIL1/MBD4
TMEscoreA_CIR,HLA-DPB1/UBD/LOC100509457/WARS/TAP1/HLA-DMA/TRIM22/PSAT1/CXCL10/SOCS3/CXCL9/PBK/CCL4/CCL5/BCL2A1/TRBC1/IDO1/NFE2L3/CCL3L3/DTL/MMP9/SLC2A3/ZNF367/RCC1/STIL/TRAC/HELLS/GZMB/RTEL1-TNFRSF6B/CXCL11/GBP5/CD2/CDCA2/CDT1/TNFAIP2/TYMP/MICB/SLC2A14/GZMK/CD8A/CENPH/MND1/BATF2/BRIP1/E2F7/KIF18A/AIM2/ETV7/ITK/GNLY/GPR171/WDHD1/GBP4/MB21D1/NLRP3/MCEMP1/POLR3G/NLRC3/KLRC2/CLEC5A/ARHGAP11A/GPR84/IFNG/ZBED2
TMEscoreB_CIR,DCN/SEPP1/ACTA2/SPARCL1/BEX3/MYLK/AKR1C1/TIMP2/MXRA7/C11orf96/CAV1/PDGFRA/FHL1/MGP/EID1/LOC101930400/DST/GREM1/FERMT2/TNC/CYBRD1/LTBP1/ACTG2/TMEM47/SERPINE2/ANTXR2/GNG11/TAGLN/GSTA4/PKIG/MAOA/PTRF/FAM3B/PBX1/WLS/SELM/SVIL/MYH11/AGT/SPON1/TGFB1I1/PDLIM3/PDK4/SYNPO2/MSRB3/PROS1/EDNRA/AKAP12/PSD3/TNS1/JAM3/PDZRN3/DDR2/HMGCS2/SGCE/MRVI1/WFDC1/FBLN1/FMO5/MAOB/AMOTL1/AKT3/CNRIP1/CPE/MAP1B/RBP1/GNAI1/FOXF2/SORBS2/ZCCHC24/ZNF704/ARMCX1/DIXDC1/SSTR1/THRB/C3orf70/PKIB/CNN1/SYTL5/DACT1/SYNPO/GAS1/DPYSL3/CCDC80/TSPYL5/DCHS1/SOBP/AOC3/NDN/FGF7P3/SMAD9/MCC/CLMP/MYL9/RBP4/PLN/SPOCK1/COL14A1/CRYAB/SRPX/EML1/RERG/PPP1R3C/LOC100506718/CH25H/HSPB8/PID1/TTC28/STON1/ABCG2/ZSCAN18/SCIN/C14orf132/TMEM55A/WASF3/PAPLN/COLEC12/ACKR1/TMEM150C/RAI2/TSPAN7/MRGPRF/ABCA8/CHIC1/NBEA/FAM13C/SETBP1/LDOC1/TMEM100/LOC101930349/PRICKLE2/TSPAN18/FABP4/ARHGEF26/ERICH5/MYOCD/BEX2/PPP1R14A/FGF13/RUNX1T1/MAGI2-AS3/LINC01279/REEP1/PLAC9/MYEF2/PRKD1/RGN/CLDN11/ANK2/ESRRG/SYNC/ZNF667-AS1/FGF7/SFRP1/HMCN1/TCEAL7/OGN/MAGI2/MIR100HG/FILIP1/LOC100507334/ANKRD6/PLEKHH2/ZNF542P/ARMCX4/NOV/DCLK1/ARHGAP28/C2orf40/TRHDE/EPHA7/SCRG1/ZNF677/ZFPM2/PEG3/SERP2/ZNF415/MAMDC2/RBM24/MEOX2
CD8_Rooney_et_al,CD8A/CD8B/GZMA/GZMB/PRF1
B_cells_Rooney_et_al,CD79B/BTLA/FCRL3/BANK1/CD79A/BLK/RALGPS2/FCRL1/HVCN1/BACH2
Treg_Rooney_et_al,FOXP3/C15orf53/IL5/CTLA4/IL32/GPR15/IL4
Macrophages_Rooney_et_al,FUCA1/MMP9/LGMN/HS3ST2/TM4SF19/CLEC5A/GPNMB/C11orf45/CD68/CYBB
Neutrophils_Rooney_et_al,KDM6B/HSD17B11/EVI2B/MNDA/MEGF9/SELL/NLRP12/PADI4/TRANK1/VNN3
NK_cells_Rooney_et_al,KLRF1/KLRC1
pDCs_Rooney_et_al,LILRA4/CLEC4C/PLD4/PHEX/IL3RA/PTCRA/IRF8/IRF7/GZMB/CXCR3
MHC_Class_I_Rooney_et_al,HLA-A/B2M/TAP1
Co_stimulation_APC_Rooney_et_al,ICOSLG/CD70/TNFSF14/CD40/TNFSF9/TNFSF4/TNFSF15/TNFSF18/TNFSF8/SLAMF1/CD58
Co_stimulation_T_cell_Rooney_et_al,ICOS/CD28/CD27/TNFSF14/CD40LG/TNFRSF9/TNFRSF4/TNFRSF25/TNFRSF18/TNFRSF8/SLAMF1/CD2/CD226
Co_inhibition_APC_Rooney_et_al,PDCD1LG2/CD274/C10orf54/LGALS9/PVRL3
Co_inhibition_T_cell_Rooney_et_al,LAG3/CTLA4/CD274/CD160/BTLA/C10orf54/LAIR1/HAVCR2/CD244/TIGIT
Type_I_IFN_Reponse_Rooney_et_al,MX1/TNFSF10/RSAD2/IFIT1/IFIT3/IFIT2/IRF7/DDX4/MX2/ISG20
Type_II_IFN_Reponse_Rooney_et_al,GPR146/SELP/AHR
Cytolytic_Activity_Rooney_et_al,GZMA/PRF1
MHC_Class_I,HLA-A/HLA-B/HLA-C/HLA-E/HLA-F/HLA-G/HLA-H/HLA-J/HLA-K/HLA-L/TAP1/TAP2/LMP2/LMP7
MHC_Class_II,HLA-DRA/HLA-DRB1/HLA-DRB2/HLA-DRB3/HLA-DRB4/HLA-DRB5/HLA-DRB6/HLA-DRB7/HLA-DRB8/HLA-DRB9/HLA-DQA1/HLA-DQA2/HLA-DQB1/HLA-DQB2/HLA-DQB3/HLA-DPA1/HLA-DPA2/HLA-DPB1/HLA-DPB2
T_cell_inflamed_GEP_Ayers_et_al,CD3D/IDO1/CIITA/CD3E/CCL5/GZMK/CXCL10/STAT1/GZMB/IL2RG/NKG7/HLA-E/CXCR6/LAG3/TAGAP/CD2/HLA-DRA/CXCL13
IFNG_signature_Ayers_et_al,IDO1/CXCL10/CXCL9/HLA-DRA/STAT1/IFNG
MDSC_Wang_et_al,CCR2/CXCR4/CXCR2/ITGAM/ITGAX/ANPEP/CD14/FUT4/CD33/CD34/CD38/ENTPD1/PTPRC/CEACAM8/CD80/CSF1R/IL4R/CSF3/CSF2/CXCL8/CCL2/TNF/CXCL12/S100A8/S100A9/STAT1/STAT3/STAT5A/ARG1/NOS2/CD274/TLR3/TLR4/TGFB1/IL10/FOXP3/IDO1/PDCD1
GPAGs,ANG/CXCL12/C3/CX3CR1/CDC42/TGFBR2/CTNNB1/CCR2/CAV1/PTGS2/SRPK2/IL1B/CYR61/KLF4/CASP8/SCG2/EGR3/JUN/TNFSF12/NR4A1/KRIT1/CYSLTR1/FGF10/HHEX/ROCK1/GPX1/EMCN/S1PR1/ECSCR/PLCD3
PPAGs,ADAM15/GPR56/ERBB2/VEGFA/GPI/MYH9/SPHK1/COL4A1/MED1/RBM15/ADAM8/CXCL17/IL18/WNT7B/EPHB3/ROCK2/SHB/ITGA5/COL4A2/ANGPT2/E2F7/ADM2/NAA15/TNFRSF1A/PGF/PLXDC1/TGFBR1
HLA_signature_gene,CD74/HLA-DRA/HLA-DPB1/HLA-DMB/HLA-DPA1/IL12RB1/HLA-DRB1/HLA-DOA/CIITA/HLA-F/IL2RG/PTPN7/PSMB9/SELPLG/GBP5/SASH3/IL2RB/SLA2/HCST/ARHGAP9/PTPRC/CYBB/PRF1/TAGAP/PTPN22/ITGAL/CCL5/CD53/NCKAP1L/MYO1G/CD3E/ITGB2/RASGRP1/CD7/CD247/HAVCR2/DOCK2/PDCD1/SPI1/TRAF3IP3/CD84/CD37/TNFSF13B/UBASH3A/TBX21/IL21R/CD3G/ACAP1/SPOCK2/CD226/IKZF1/HCP5/SLAMF6/LYZ/HLA-DRB6/SP140/NLRC3/FOXP3/CCR5/CYTH4/SLA/SLAMF8/HLA-DOB/LILRB4/CXCL10/PLEK/SAMSN1/CST7/LAIR1/CD48/GZMB/BIN2/BTK/DOK2/CRTAM/CD2/CXCR3/CXCL9/CYTIP/SNX20/ZBP1/UBD/IFI30/C1QA/ZAP70/IRF8/EVI2B/TIGIT/AOAH/TBC1D10C/CCL4/NKG7/SLAMF1/GZMA/1-Sep/RNASE6/LILRB1/CD3D/CD27/SIGLEC10/IL4I1/TRAT1/WDFY4/ITK/TNFRSF9/SIRPG/NCF1/RUNX3/C1QC/SECTM1/DENND1C/HLA-DRB3/CD52/CD6/C1QB/IL10RA/CXCR6/CD300LF/SH2D1A/RHOH/CD8A/JAKMIP1/CD38/GPR174/TFEC/SLFN12L/FASLG/THEMIS/FYB/PLA2G2D/EPSTI1/SIGLEC1/CTLA4/MAP4K1/PYHIN1/SPN/RARRES3/ICOS/CD5/GPR132/ZC3H12D/IL2RA/SCIMP/BIRC3/NCF1C/CSF2RB/KLRK1/TLR8/PIK3AP1/ZNF831/CXorf21/EVI2A/SAMD3/SUSD3/GZMK/GZMH/KLRD1/NCR1/IL32/TTC24/CD180/BTLA/FCRL3/PDCD1LG2/LTB/CXCL13/GPR171/CXCL11/IRF4/SIT1/EOMES/CD80/P2RY10/TNIP3/SCML4/KIR2DL4/ITGAX/LAX1/HLA-DQB2/SLAMF7/LY9/VNN2/CD28/GNLY/ABCD2/IDO1/TNFSF8/ADAMDEC1/CCR2/FUT7/CLEC6A/CR1L/LAG3/IL18RAP/KLRC3/CXorf65/KCNA3/PVRIG/KLRC4/SIGLEC7/TNFRSF13B/CCR4/TIFAB/LOC102724424/ARRDC5/GZMM/IL7R/GPR114/CXCR2P1/LTA/NAPSB/GPR183/KLRC1/HEATR9/GPR18/ZNF683/BATF2/CLNK/RGL4/FCGR1A/FCGR3A/IFNG/TARP/CD40LG/CCR8/CLEC4E/LOC100996809/CD79A/CLECL1/HK3/TOX/KLRB1/TSPAN32/CCR6/DCANP1/HLA-DRB4/CR1/SPATC1/TNFAIP8L2-SCNM1/CD19/IL12RB2/MZB1/KIAA0125/FCRL5/TTC16/IGJ/KLRC2/NCR3/CD79B/TNFRSF17/CHRNA6/TNFRSF8/GAPT/C11orf21/ANKRD36BP2/LOC101060789/IL12B/CASP1P2/LOC100293211/TLR10/CCL3/CXCR5/IGLL5/LOC100505564/KIR3DX1/LOC102724850/CCL4L1/BCL2A1/C4orf50/SPIB/STAP1/CLEC10A/RGS1/IFI44L/POU2AF1/TNFRSF18/NCF1B/HLA-DQA2/DTHD1/TVP23A/ZBED2/LOC102723407/LILRA6/FCRL2/ZBTB32/FCRL4/FCRL1/CD69/ELK2AP/LGALS2/KCNJ10/LOC100509457/FCGR1B/CD22/DNAJC5B/FAIM3/BLK/FLT3/LOC102725426/LOC102725018/ITGAD/JSRP1/ANTXRLP1/LINC00173/NUGGC/CCL18/MS4A1/HLA-DQB1/CCL19/NLRP6/LOC283710/TBC1D27/CADM3/KLRC4-KLRK1/CLEC4C/KIR3DL2/CARD17/CD8B/OR52N4/OR56B1/TSHR/AMPD1/CCL8/LILRA4/TRABD2A/FCGR1C/ANKRD29/CCL23/CR2/CLEC17A/FCER2/PAX5/FPR2/OLR1/CHI3L2/PTGDS/ANKRD55/CRB2/TCL1A/GP1BA/FADS6/KRT86/FAM129C/CCL4L2/CNR2/MMP9/HTR3A/COL4A4/CHI3L1/CCL21/EEF1A2/FSTL4/VPREB3/PNCK/DNASE1L3/FMO2/CHIT1/TMPRSS3/OR2L5/COL4A3/SLITRK6/SERPINA1/RSPO3/SLC12A3/FDCSP/BTBD16/PDZK1IP1/FMO1/RARRES1/MARCO/KLHDC7B/MMP7/KRT81/GDPD2/LTF/INA/PTPRR/MUC16/GREM1/SLC7A4/FGFR3/PLEKHS1/IGF2/FXYD2/CDH8/SHH/L1CAM/DHRS2/TOX3/GABRP/MSLN/ANXA10/SFRP2/MROH2A/GPX2/COL9A1/PHGR1/LPA/CLCA4/SPOCK3/SFRP4/MYT1/CRTAC1/TFF1/HMGCS2/SNTG1
PPARgama_target_genes,LPL/CD36/FATP1/FATP4/PEPCK/GK/PLIN/ADSF/CAP/IRS2/GLUT4
B_cells_Danaher_et_al,BLK/CD19/MS4A1/TNFRSF17/FCRL2/KIAA0125/PNOC/SPIB/TCL1A
CD45_Danaher_et_al,PTPRC
CD8_T_cells_Danaher_et_al,CD8A/CD8B
Cytotoxic_cells_Danaher_et_al,CTSW/GNLY/GZMA/GZMB/GZMH/KLRB1/KLRD1/KLRK1/PRF1/NKG7
DC_Danaher_et_al,CCL13/CD209/HSD11B1
Exhausted_CD8_Danaher_et_al,CD244/EOMES/LAG3/PTGER4
Macrophages_Danaher_et_al,CD163/CD68/CD84/MS4A4A
Mast_cells_Danaher_et_al,MS4A2/TPSAB1/CPA3/HDC/TPSB2
Neutrophils_Danaher_et_al,CSF3R/S100A12/CEACAM3/FCAR/FCGR3B/FPR1/SIGLEC5
NK_CD56dim_cells_Danaher_et_al,IL21R/KIR2DL3/KIR3DL1/KIR3DL2
NK_cells_Danaher_et_al,NCR1/XCL2/XCL1
T_cells_Danaher_et_al,CD3D/CD3E/CD3G/CD6/SH2D1A/TRAT1
Th1_cells_Danaher_et_al,TBX21
Treg_Danaher_et_al,FOXP3
TIP_Release_of_cancer_cell_antigens,IL10/TGFB1/HMGB1/ANXA1/CALR/CXCL10/PDIA3/HSPA1A/HSPA1B/HSPA2/HSPA8/HSPA4/HSPA14/HSPA5/HSPA6/HSPA9/HSPA13/HSPA7/HSPA12A/HSPA12B/HSP90AA1/HSP90AB1/HSP90B1/IFNA2/IFNA1/IFNA13/IFNA6/IFNA21/IFNA4/IFNA8/IFNA5/IFNA7/IFNA14/IFNA16/IFNA10/IFNA17/IFNB1/IFNE/IFNW1
TIP_Cancer_antigen_presentation_1,TNF/IL1A/IL1B/IFNA2/IFNA1/IFNA13/IFNA6/IFNA21/IFNA4/IFNA8/IFNA5/IFNA7/IFNA14/IFNA16/IFNA10/IFNA17/CD40LG/CD40/NT5C/HMGB1/TLR1/TLR2/TLR3/TLR4/TLR5/TLR6/TLR7/TLR8/TLR9/TLR10/HLAA/B2M/TAP1/IL10/IL4/IL13
TIP_Cancer_antigen_presentation_2,IL10/IL4/IL13
TIP_Priming_and_activation_1,CD3D/CD3E/CD3G/CD247/CD28/TNFRSF9/TNFSF9/TNFRSF4/TNFSF4/CD27/CD70/TNFRSF14/TNFSF14/CD40/CD40LG/TNFRSF18/TNFSF18/TNFRSF25/TNFSF15/TNFRSF8/TNFSF8/HAVCR1/TIMD4/SLAMF7/SLAMF6/SLAMF1/SLAMF9/SLAMF8/CD2/CD48/CD58/CD226/ICOS/ICOSLG/KLRK1/MICA/MICB/RAET1E/RAET1G/CRTAM/CADM1/CTLA4/PDCD1/PDCD1LG2/CD274/CD160/BTLA/VSIR/LAIR1/HAVCR2/LGALS9/CD244/TIGIT/NECTIN3/LAG3/IL2/IL12A/IL12B
TIP_Priming_and_activation_2,CTLA4/PDCD1/PDCD1LG2/CD274/CD160/TNFRSF14/BTLA/VSIR/LAIR1/HAVCR1/HAVCR2/LGALS9/TIMD4/CD244/CD48/TIGIT/NECTIN3/LAG3/IL2/IL12A/IL12B
TIP_Trafficking_of_immune_cells_to_tumors,CXCR5/CXCL13/CCL24/CCL26/CCL19/CX3CL1/CXCL16/CCR5/CXCR3/CXCL10/CXCL9/CCL20/CXCL11/CCR7/CCL3/CCL4/CCL5/CCL21/CCL11/CSF1/CCL2/CXCR2/CXCL5/CCL7/CXCL1/CXCL2/CXCL3/CXCL8/CXCL6/CCR6/CXCL12/CXCR4/CCL1/CCL17/CCL22/CCR4/CCR10/CCL28
TIP_Infiltration_of_immune_cells_into_tumors_1,STAT1/IRF5/KLF2/ITGB2/ICAM1/EZH2/DNMT1/VEGFA/EDNRB
TIP_Infiltration_of_immune_cells_into_tumors_2,ICAM1/EZH2/DNMT1/VEGFA/EDNRB
TIP_Recognition_of_cancer_cells_by_T_cells_1,CD28/ICOS/ICOSLG/TNFRSF9/TNFSF9/CD27/CD70/TNFRSF4/TNFSF4/TNFSF14/CD40/CD40LG/HLAA/B2M/TAP1/BIRC5/MDM2/MAGEA4/TP53/PDCD1/PDCD1LG2/CD274/CTLA4/BTLA/VTCN1
TIP_Recognition_of_cancer_cells_by_T_cells_2,PDCD1/PDCD1LG2/CD274/CTLA4/BTLA/VTCN1
TIP_Killing_of_cancer_cells_1,IFNG/GZMB/PRF1
TIP_Killing_of_cancer_cells_2,PDCD1/SMC3/VTCN1/HAVCR2/MICA/MICB/BTLA/VSIR/LAG3/IDO1/IDO2/ARG1/ARG2/NOS1/NOS2/NOS3/TGFB1/IL10/CCL28/CXCL12/CCL2/CXCL8
TLS_Nature,CD79B/CD1D/CCR6/LAT/SKAP1/CETP/EIF1AY/RBP5/PTGDS
TMEscoreA_plus,CDT1/PSAT1/IDO1/BRIP1/WARS/DTL/GBP5/KIF18A/UBD/GZMB/CCL4/CCL5/RCC1/HELLS/GNLY/TAP1/CD8A/CXCL11/GBP4/ETV7/ZNF367/CXCL10/KLRC2/CXCL9/IFNG
TMEscoreB_plus,MIR100HG/PRICKLE2/PAPLN/PLEKHH2/TNS1/MCC/MAMDC2/C14orf132/SYNPO/PID1/MCEMP1/ZCCHC24/PROS1/JAM3/TGFB1I1/MXRA7/FILIP1/CRYAB/ANTXR2
B_cells_Bindea_et_al,MS4A1/TCL1A/HLA-DOB/PNOC/KIAA0125/CD19/CR2/IGHG1/FCRL2/BLK/COCH/OSBPL10/IGHA1/TNFRSF17/ABCB4/BLNK/GLDC/MEF2C/IGHM/FAM30A/SPIB/BCL11A/GNG7/IGKC/CD72/MICAL3/BACH2/IGLA/CCR9/QRSL1/DTNB/HLA-DQA1/SCN3A/SLC15A2
T_cells_Bindea_et_al,PRKCQ/CD3D/CD3G/CD28/LCK/TRAT1/BCL11B/CD2/TRBC1/TRAA/ITM2A/SH2D1A/CD6/CD96/NCALD/GIMAP5/CD3E/SKAP1
T_helper_cells_Bindea_et_al,ICOS/LRBA/ITM2A/FAM111A/PHF10/NUP107/SEC24C/NAP1L4/BATF/ASF1A/FRYL/FUSIP1/TRAA/RPA1/UBE2L3/ANP32B/DDX50/C13orf34/PPP2R5C/SLC25A12/ATF2/CD28/GOLGA8A
Tcm_Bindea_et_al,CDC14A/ATM/USP9Y/PCNX/FOXP1/KLF12/ST3GAL1/INPP4B/CASP8/MLL/PCM1/RP11-74E24.2/PHC3/NFATC3/LOC202134/TIMM8A/ATF7IP/REPS1/PSPC1/RPP38/HNRPH1/STX16/CYLD/SNRPN/TRAF3IP3/NEFL/POLR2J2/AQP3/CG030/PDXDC2/CLUAP1/DOCK9/CYorf15B/CREBZF/CEP68/TXK/SLC7A6/FYB/MAP3K1
Tem_Bindea_et_al,TRAA/PRKY/VIL2/GDPD5/CCR2/MEFV/C7orf54/FLI1/TBC1D5/DDX17/AKT3/EWSR1/TBCD/NFATC4/LTK
Th1_cells_Bindea_et_al,IFNG/LTA/APBB2/DOK5/IL12RB2/APOD/ZBTB32/CD38/CSF2/CTLA4/CD70/DPP4/EGFL6/BST2/DUSP5/LRP8/IL22/DGKI/CCL4/GGT1/LRRN3/SYNGR3/ATP9A/BTG3/CMAH/HBEGF/SGCB
Th2_cells_Bindea_et_al,PMCH/AHI1/PTGIS/CXCR6/EVI5/IL26/MB/NEIL3/GSTA4/PHEX/SMAD2/CENPF/ANK1/ADCY1/AI582773/LAIR2/SNRPD1/MICAL2/DHFR/WDHD1/BIRC5/SLC39A14/HELLS/LIMA1/CDC25C/CDC7/GATA3
TFH_Bindea_et_al,CHI3L2/CXCL13/MYO7A/CHGB/ICA1/HEY1/CDK5R1/ST8SIA1/PDCD1/BLR1/KIAA1324/PVALB/TSHR/C18orf1/TOX/SLC7A10/SMAD1/POMT1/PASK/MKL2/PTPN13/KCNK5/ZNF764/MAF/MYO6/SIRPG/THADA/MAGEH1/B3GAT1/SH3TC1/HIST1H4K/STK39
Th17_cells_Bindea_et_al,IL17A/IL17RA/RORC
Treg_Bindea_et_al,FOXP3
CD8_T_cells_Bindea_et_al,CD8B/CD8A/PF4/PRR5/SF1/LIME1/DNAJB1/ARHGAP8/GZMM/SLC16A7/SFRS7/APBA2/C4orf15/LEPROTL1/ZFP36L2/GADD45A/MYST3/ZEB1/ZNF609/C12orf47/THUMPD1/VAMP2/ZNF91/ZNF22/TMC6/FLT3LG/CDKN2AIP/TSC22D3/TBCC/RBM3/ABT1/C19orf6/CAMLG/PPP1R2/AES/KLF9/PRF1
Tgd_Bindea_et_al,TRDA/TARP/C1orf61/TRGV9/CD160/FEZ1
Cytotoxic_cells_Bindea_et_al,KLRD1/KLRF1/GNLY/CTSW/KLRB1/KLRK1/NKG7/GZMH/SIGIRR/ZBTB16/RUNX3/APOL3/RORA/APBA2/WHDC1L1/DUSP2/GZMA
NK_cells_Bindea_et_al,LOC643313/GAGE2/ZNF747/XCL1/XCL2/AF107846/SLC30A5/NM_014114/MCM3AP/TBXA2R/CDC5L/LOC730096/FUT5/FGF18/MRC2/RP5-886K2.1/SPN/PSMD4/PRX/FZR1/ZNF205/AL080130/ZNF528/MAPRE3/BCL2/NM_017616/ARL6IP2/PDLIM4/NM_014274/LDB3/ADARB1/SMEK1/TCTN2/TINAGL1/IGFBP5/ALDH1B1/NCR1
NK_CD56dim_cells_Bindea_et_al,KIR3DL2/SPON2/KIR2DL3/GZMB/KIR3DS1/KIR3DL1/FLJ20699/TMEPAI/IL21R/KIR3DL3/KIR2DS5/KIR2DS2/GTF3C1/KIR2DS1/EDG8/DUSP4/RRAD/XCL1/PLA2G6/NIBP/FOXJ1/MADD/BG255923/MPPED1/MUC3B
DC_Bindea_et_al,CD209/CCL17/HSD11B1/CCL13/CCL22/PPFIBP2/NPR1
iDC_Bindea_et_al,CD1B/VASH1/F13A1/CD1E/MMP12/FABP4/CLEC10A/SYT17/MS4A6A/CTNS/GUCA1A/CARD9/ABCG2/CD1A/PPARG/RAP1GAP/SLC7A8/GSTT1/NM_021941/FZD2/CSF1R/HS3ST2/CH25H/LMAN2L/SLC26A6/BLVRB/NUDT9/PREP/TM7SF4/TACSTD2/CD1C
aDC_Bindea_et_al,CCL1/EBI3/INDO/LAMP3/OAS3
pDC_Bindea_et_al,IL3RA
Eosinophils_Bindea_et_al,IL5RA/KCNH2/TKTL1/EMR1/CCR3/ACACB/THBS1/GALC/RNU2/CLC/HIST1H1C/CYSLTR2/HRH4/RNASE2/CAT/LRP5L/SYNJ1/THBS4/GPR44/KBTBD11/HES1/ABHD2/TIPARP/SMPD3/MYO15B/TGIF1/RRP12/IGSF2/RCOR3/EPN2/C9orf156/SIAH1
Macrophages_Bindea_et_al,MARCO/CXCL5/SCG5/SULT1C2/MSR1/CTSK/PTGDS/COLEC12/GPC4/PCOLCE2/CHIT1/KAL1/CLEC5A/ME1/DNASE2B/CCL7/FN1/CD163/GM2A/SCARB2/BCAT1/RAI14/COL8A2/APOE/CHI3L1/ATG7/CD84/FDX1/MS4A4A/SGMS1/EMP1/CYBB/CD68
Mast_cells_Bindea_et_al,PRG2/CTSG/TPSAB1/SLC18A2/MS4A2/CPA3/TPSB2/NM_003293/GATA2/HDC/LOH11CR2A/SIGLEC6/ELA2/CMA1/PGDS/MLPH/ADCYAP1/SLC24A3/CALB2/KIT/TAL1/ABCC4/PPM1H/MAOB/HPGD/SCG2/PTGS1/CEACAM8/MPO/NR0B1/LOC339524
Neutrophils_Bindea_et_al,CSF3R/CYP4F3/VNN3/FPRL1/KCNJ15/MME/IL8RA/IL8RB/FCGR3B/DYSF/FCAR/CEACAM3/HIST1H2BC/HPSE/FLJ11151/CREB5/S100A12/TNFRSF10C/SLC22A4/KIAA0329/SLC25A37/BST1/CRISPLD2/G0S2/SIGLEC5/CD93/MGAM/ALPL/FPR1/PDE4B/LILRB2
SW480_cancer_cells_Bindea_et_al,KRT5/RBP1/TRIM29/DEFA5/BMP4/EEF1A2/VSNL1/ASPSCR1/IGF2/MFAP2/FGF3/S100A2/INHBB/JAG2/LOC89944/BAMBI/BMP7/RPP25/RHOD/DHRS2/ITGB4/NTSR1/STRA6/SLC1A5/FKBP4/S100A3/TEAD4/KLK6/CCND1/SLC27A5/HOXA9/F12/LRFN4/NM_024609/SLC6A8/PCTK1/KRT13
Normal_mucosa_Bindea_et_al,TSPAN8/LGALS4/DCN/COL3A1/CEACAM5/TAGLN/KRT20/MYH11/FXYD3/ACTG2/MYLK/TPM1/CDH17/NFIB/MGP/SPARCL1/RGS5/PPAP2B/IGFBP7/CALD1/C1R/AGR2/GNA11/HEPH/GNG12/ADH1B/CRIM1/FBLN1/IGFBP5/LAMA4/CAV1/WASL
Blood_vessels_Bindea_et_al,CDH5
Lymph_vessels_Bindea_et_al,PDPN/VEGFC/FIGF
Antigen_Processing_and_Presentation_Li_et_al,AZGP1/B2M/CALR/CANX/CD1A/CD1B/CD1C/CD1D/CD1E/CD4/CD8A/CD8B/CD74/CREB1/CTSB/CTSE/CTSS/FCER1G/FCGRT/PDIA3/HFE/HLA-A/HLA-B/HLA-C/HLA-DMA/HLA-DMB/HLA-DOA/HLA-DOB/HLA-DPA1/HLA-DPB1/HLA-DQA1/HLA-DQA2/HLA-DQB1/HLA-DRA/HLA-DRB1/HLA-DRB5/HLA-E/HLA-F/HLA-G/MR1/HSPA1A/HSPA1B/HSPA1L/HSPA2/HSPA4/HSPA5/HSPA6/HSPA8/HSP90AA1/HSP90AB1/ICAM1/IFNA1/IFNA2/IFNA4/IFNA5/IFNA6/IFNA7/IFNA8/IFNA10/IFNA13/IFNA14/IFNA16/IFNA17/IFNA21/IFNG/KIR2DL1/KIR2DL3/KIR2DL4/KIR3DL1/KIR3DL2/KLRC1/KLRC2/KLRC3/KLRD1/LTA/CIITA/MICA/MICB/NFYA/NFYB/NFYC/LGMN/PSMB8/PSMC1/PSMC2/PSMC3/PSMC4/PSMC5/PSMC6/PSMD1/PSMD2/PSMD3/PSMD4/PSMD5/PSMD7/PSMD8/PSMD10/PSMD11/PSMD13/PSME1/PSME2/RELB/RFX5/RFXAP/SLC10A2/TAP1/TAP2/TAPBP/THBS1/KLRC4/AP3B1/RFXANK/PSMD6/PSME3/PSMD14/CLEC4M/IFI30/PROCR/ADRM1/KIAA0368/TRPC4AP/CD209/UBXN1/ERAP1/TAPBPL/ERAP2/ULBP3/ULBP2/ULBP1/KIR3DL3/RAET1E/RAET1L/UBR1/RAET1G/PDIA2
Antimicrobials_Li_et_al,HAMP/PI3/CAMP/PPBP/REG3G/CXCL14/CXCL16/SLPI/CXCL10/CXCL9/CXCL5/CXCL11/CXCL6/CXCL1/CXCL12/CXCL13/CXCL2/PF4/XCL1/CXCL3/DEFB103A/CCL13/CCL1/DEFB1/CCL8/ELANE/DEFB103B/DEFA3/DEFA1/TMSB10/DEFA6/DEFA5/DEFA4/LCN2/LCN1/COLEC10/BPI/S100A9/S100A8/DCD/LCN6/S100A12/HTN3/LCN8/CCR10/CELA1/DEFB106A/PENK/MMP12/LEAP2/SFTPD/LCN9/PTGDS/TMSB4X/PGLYRP1/ZC3HAV1/TMSB15A/S100B/S100A13/S100A6/DEFB119/DEFB107A/DEFB105A/SERPIND1/DEFB129/DEFB127/S100P/S100A7/DEFB104A/DEFB126/DEFB106B/DEFB104B/DEFB107B/PGLYRP3/PGLYRP2/S100A10/S100A2/DEFB125/DEFB123/DEFB105B/DEFB132/LCN12/PGLYRP4/S100A11/S100A5/S100A3/S100A1/DEFB128/DEFB108B/HTN1/LMBR1L/S100A7A/DEFB118/COLEC12/TMSB4Y/DEFB131/DEFB134/DEFB130/DEFB124/DEFB121/DEFB116/DEFB115/DEFB114/DEFB113/DEFB112/DEFB110/TMSB15B/DEFB133/S100Z/MAVS/S100A14/LCN10/S100A16/DEFB136/ZC3HAV1L/S100A7L2/IFNAR1/AZU1/S100G/TCHHL1/TINAGL1/IFNGR1/SLC22A17/WFIKKN1/WFDC2/IL6/UMODL1/TGFB1/PF4V1/MMP9/TLR4/IFNG/SPAG11B/A2M/NFKB1/APOBEC3G/FABP6/NOD2/MBL2/RBP1/TLR2/SLC40A1/PLAU/IL1B/PAEP/HFE2/MUC5AC/CTSS/OBP2A/PLTP/MX1/DDX58/IRF3/SFTPA2/LPA/LBP/RBP4/SFTPA1/NOX4/LTF/IFNB1/RBP5/FABP7/FABP5/FABP3/FABP2/FABP4/R3HDML/OASL/CRABP2/CRABP1/RBP7/DUOX1/OBP2B/RBP2/LCN15/CETP/FABP12/FABP9/LCNL1/C8G/SPAG11A/PI15/NOX1/PMP2/APOD/ORM2/ORM1/TNF/CTSG/PRTN3/MAPK1/PML/AEN/CYBB/ISG20/BCL3/ISG20L2/NOX5/NOX3/DUOX2/TLR3/TFRC/IFIH1/LRP1/TRIM5/IDO1/GDF15/NEDD4/ADIPOQ/STAT3/STAT1/SOCS3/SEMG1/TNFSF10/CCL20/SOCS1/RNASEL/IRF1/IL15/APOBEC3F/RARRES3/CHIT1/IFNA1/CD40/TLR7/PPIA/HFE/ZYX/NLRX1/PGC/VEGFA/IKBKE/ISG15/DHX58/TNFAIP3/TFR2/FCN2/MUC4/F2R/ELN/IL27/MAPT/LYZ/CCL5/LEP/CYLD/KLKB1/CST4/CSRP1/MAPK14/JUN/ITGAV/IRF5/CCR6/IL12B/TLR8/GNLY/CD81/EIF2AK2/APOM/CACYBP/NOD1/MAPK8/MAPK3/BST2/BPHL/PLA2G2A/GRN/PDGFRA/GNAI1/WNT5A/FURIN/ADAR/TYK2/NOS2/TRAF3/TPT1/TPM2/NEO1/AHNAK/TLR1/TK2/PRDX2/MX2/FGF2/FGA/TCF7L2/F2RL1/MSR1/NFKBIZ/LMBR1/SRC/MPO/ELAVL1/ROBO3/SP1/SOD1/PDF/DLL4/ECD/SLC11A1/DMBT1/TMEM173/SKIV2L/SEMG2/LTA/DES/DCK/DAXX/TNFRSF10A/TNFRSF10B/EED/CCL4/LIMS1/LALBA/APOBEC3H/TMPRSS6/SPINK5/MARCO/BECN1/TNFSF11/KNG1/CSK/KLRK1/KCNH2/JUND/JAK1/CREB1/CLDN4/CCL28/RNASE3/IRF7/IREB2/ILK/IL18/IL17A/LTB4R/APOBEC3A/MASP2/TRIM27/RELA/IL7R/IL1A/PTX3/IFNAR2/SYTL1/APOBEC3C/DDX17/PTGS2/HTR1A/CD40LG/CD14/CD8A/CD4/MASP1/PROC/MAP2K2/MAP2K1/HRG/NDRG1/IRF9/TRIM22/LANCL1/PPP4C/HMOX1/HMGB1/HLA-B/RNASE7/ABCC4/HGF/HDAC1/PLSCR1/B2M/BACH2/TANK/PIK3CG/ARRB1/RSAD2/STAB2/TBK1/PDYN/PDGFRB/PDCD1/PCSK2/PCSK1/ARG2/AQP9/FASLG/APOH/BIRC5/ANXA6/IL22/VTN/VIM/VCAM1/PRDX1/GFAP/GBP2/ALB/SLC29A3/OAS1/AGER/UNC93B1/TNFSF4/NOS1/ACTG1/ACTA1/ACO1/SERPINA3/CCL15/CCL14/CCL16/CCL19/CCL18/CCL17/CCL26/CCL22/CCR3/CCL4L2/CCR7/CCL27/CCR8/CCL2/CCL21/CCL7/CCL3/CCL11/CCR5/CCL23/CCL25/CCL3L3/CCR1/CCL24/XCL2/CXCR4/CXCR6/CCR4/FAM19A5/FAM19A3/FAM19A4/FAM19A1/FAM19A2/PTK2B/IL4/CDH1/LTBP1/IL13/IL10/IL2/PPARG/FGR/MIF/CRP/JAK2/PTK2/PTGDR/CD86/HCK/VDR/OLR1/TXK/RNASE2
BCR_Signaling_Pathway_Li_et_al,CD79A/CD79B/LYN/SYK/BTK/BLNK/VAV3/VAV1/VAV2/RAC1/RAC2/RAC3/PPP3CA/PPP3CB/PPP3CC/PPP3R1/PPP3R2/CHP2/NFAT5/NFATC1/NFATC2/NFATC3/NFATC4/HRAS/KRAS/NRAS/FOS/JUN/CARD11/BCL10/MALT1/CHUK/IKBKB/IKBKG/NFKB1/RELA/NFKBIA/NFKBIB/NFKBIE/CD81/CD19/CR2/PIK3R5/PIK3R1/PIK3R2/PIK3R3/PIK3CA/PIK3CB/PIK3CD/PIK3CG/AKT3/AKT1/AKT2/GSK3B/INPP5D/CD22/CD72/PTPN6/LILRB3/FCGR2B/RASGRP3/PLCG2/PRKCB/IFITM1
Chemokines_Li_et_al,C3/C5/CAMP/CCL1/CCL11/CCL13/CCL14/CCL15/CCL16/CCL17/CCL18/CCL19/CCL2/CCL20/CCL21/CCL22/CCL23/CCL24/CCL25/CCL26/CCL27/CCL28/CCL3/CCL3L3/CCL4/CCL4L2/CCL5/CCL7/CCL8/CKLF/CMA1/CTSG/CX3CL1/CXCL1/CXCL10/CXCL11/CXCL12/CXCL13/CXCL14/CXCL16/CXCL17/CXCL2/CXCL3/CXCL5/CXCL6/CXCL9/CYR61/DEFA1/DEFA3/DEFA5/DEFB1/DEFB103A/DEFB104A/EDN1/EDN2/EDN3/FGF10/FGF2/HTN3/LECT2/PF4/PF4V1/PLAU/PPBP/PROK2/RNASE2/SAA1/SAA2/SBDS/SEMA3A/SEMA3B/SEMA3C/SEMA3D/SEMA3E/SEMA3F/SEMA3G/SEMA4A/SEMA4B/SEMA4C/SEMA4D/SEMA4F/SEMA4G/SEMA5A/SEMA5B/SEMA6A/SEMA6B/SEMA6C/SEMA6D/SEMA7A/SLIT1/SLIT2/TNC/TYMP/XCL1/XCL2
Chemokine_Receptors_Li_et_al,C5AR1/CCR1/CCR10/CCR3/CCR4/CCR5/CCR6/CCR7/CCR8/CCR9/CCRL2/CMKLR1/CX3CR1/CXCR3/CXCR4/CXCR5/CXCR6/CYSLTR1/CYSLTR2/EDNRA/EDNRB/FPR1/FPR2/GPR17/GPR32/GPR33/LTB4R/LTB4R2/PLAUR/PLXNA1/PLXNA2/PLXNA3/PLXNA4/PLXNB1/PLXNB2/PLXNB3/PLXNC1/PLXND1/PTAFR/ROBO1/ROBO2/ROBO3/RXFP3/XCR1
Cytokines_Li_et_al,ADIPOQ/ADM/ADM2/AGRP/AGT/AMBN/AMELX/AMH/ANGPTL5/ANGPTL7/APLN/AREG/ARTN/AVP/AZU1/BDNF/BMP1/BMP10/BMP15/BMP2/BMP3/BMP4/BMP5/BMP6/BMP7/BMP8A/BMP8B/BTC/C3/C5/CALCA/CALCB/CAMP/CAT/CCK/CCL1/CCL11/CCL13/CCL14/CCL15/CCL16/CCL17/CCL18/CCL19/CCL2/CCL20/CCL21/CCL22/CCL23/CCL24/CCL25/CCL26/CCL27/CCL28/CCL3/CCL3L3/CCL4/CCL4L2/CCL5/CCL7/CCL8/CD320/CD40LG/CD70/CECR1/CER1/CGA/CGB1/CGB2/CGB5/CGB7/CGB8/CHGA/CHGB/CKLF/CLCF1/CLEC11A/CMA1/CMTM1/CMTM2/CMTM3/CMTM4/CMTM5/CMTM6/CMTM7/CMTM8/CNTF/CORT/CRH/CSF1/CSF2/CSF3/CSH1/CSH2/CSHL1/CSPG5/CTF1/CTGF/CTSG/CX3CL1/CXCL1/CXCL10/CXCL11/CXCL12/CXCL13/CXCL14/CXCL16/CXCL17/CXCL2/CXCL3/CXCL5/CXCL6/CXCL9/CYR61/DEFA1/DEFA3/DEFA5/DEFB1/DEFB103A/DEFB104A/DKK1/EBI3/EDN1/EDN2/EDN3/EGF/EPGN/EPO/EREG/ESM1/FAM3B/FAM3C/FAM3D/FASLG/FGF1/FGF10/FGF11/FGF12/FGF13/FGF14/FGF16/FGF17/FGF18/FGF19/FGF2/FGF20/FGF21/FGF22/FGF23/FGF3/FGF4/FGF5/FGF6/FGF7/FGF8/FGF9/FIGNL2/FLT3LG/FSHB/GAL/GALP/GAST/GCG/GDF1/GDF10/GDF11/GDF15/GDF2/GDF3/GDF5/GDF6/GDF7/GDF9/GDNF/GH1/GH2/GHRH/GHRL/GIP/GKN1/GMFB/GMFG/GNRH1/GNRH2/GPHA2/GPHB5/GPI/GREM1/GREM2/GRN/GRP/GUCA2A/HAMP/HBEGF/HDGF/HGF/HTN3/IAPP/IFNA1/IFNA10/IFNA13/IFNA14/IFNA16/IFNA17/IFNA2/IFNA21/IFNA4/IFNA5/IFNA6/IFNA7/IFNA8/IFNB1/IFNE/IFNG/IFNK/IFNW1/IGF1/IGF2/IL10/IL11/IL12A/IL12B/IL13/IL15/IL16/IL17A/IL17B/IL17C/IL17D/IL17F/IL18/IL19/IL1A/IL1B/IL1F10/IL1RN/IL2/IL20/IL21/IL22/IL23A/IL24/IL25/IL26/IL27/IL3/IL31/IL32/IL33/IL34/IL4/IL5/IL6/IL6ST/IL7/IL9/INHA/INHBA/INHBB/INHBC/INHBE/INS/INS-IGF2/INSL3/INSL4/INSL5/INSL6/JAG1/JAG2/KITLG/KL/LACRT/LECT2/LEFTY1/LEFTY2/LEP/LHB/LIF/LRSAM1/LTA/LTB/LTBP1/LTBP2/LTBP3/LTBP4/MDK/MIA/MIF/MLN/MSTN/NAMPT/NDP/NENF/NGF/NMB/NODAL/NOV/NPFF/NPPA/NPPB/NPPC/NPY/NRG1/NRG2/NRG3/NRG4/NRTN/NTF3/NTF4/NTS/NUDT6/OGN/OSGIN1/OSM/OSTN/OXT/PDGFA/PDGFB/PDGFC/PDGFD/PDGFRA/PDGFRB/PDGFRL/PDYN/PENK/PF4/PF4V1/PGF/PLAU/PMCH/PNOC/POMC/PPBP/PPY/PRL/PRLH/PROK1/PROK2/PSPN/PTH/PTH2/PTHLH/PTN/PYY/QRFP/RABEP1/RABEP2/REG1A/RETN/RETNLB/RLN1/RLN2/RLN3/RNASE2/S100A6/SAA1/SAA2/SBDS/SCG2/SCGB3A1/SCT/SECTM1/SEMA3A/SEMA3B/SEMA3C/SEMA3D/SEMA3E/SEMA3F/SEMA3G/SEMA4A/SEMA4B/SEMA4C/SEMA4D/SEMA4F/SEMA4G/SEMA5A/SEMA5B/SEMA6A/SEMA6B/SEMA6C/SEMA6D/SEMA7A/SLIT1/SLIT2/SLURP1/SPP1/SST/STC1/STC2/TAC1/TDGF1/TG/TGFA/TGFB1/TGFB2/TGFB3/THPO/TNC/TNF/TNFRSF11B/TNFSF10/TNFSF11/TNFSF12/TNFSF13/TNFSF13B/TNFSF14/TNFSF15/TNFSF18/TNFSF4/TNFSF8/TNFSF9/TOR2A/TRH/TSHB/TSLP/TXLNA/TYMP/UCN/UCN2/UCN3/UTS2/VEGFA/VEGFB/VEGFC/VGF/VIP/XCL1/XCL2
Cytokine_Receptors_Li_et_al,ACVR1B/ACVR1C/ACVR2A/ACVR2B/ACVRL1/ADCYAP1R1/ADIPOR1/ADIPOR2/ADRB1/ADRB2/AGTR1/AGTR2/AMHR2/ANGPT1/ANGPT4/ANGPTL1/ANGPTL2/ANGPTL3/ANGPTL4/ANGPTL6/APLNR/AR/AVPR1A/AVPR1B/AVPR2/BMPR1A/BMPR1B/BMPR2/BRD8/C3AR1/C5AR1/CALCR/CALCRL/CCR1/CCR10/CCR3/CCR4/CCR5/CCR6/CCR7/CCR8/CCR9/CCRL2/CD40/CMKLR1/CNTFR/CRHR1/CRHR2/CRIM1/CRLF1/CRLF2/CRLF3/CSF1R/CSF2RA/CSF2RB/CSF3R/CX3CR1/CXCR3/CXCR4/CXCR5/CXCR6/CYSLTR1/CYSLTR2/EDNRA/EDNRB/EGFR/ENG/EPOR/ESR1/ESR2/ESRRA/ESRRB/ESRRG/FGFR1/FGFR2/FGFR3/FGFR4/FGFRL1/FLT1/FLT3/FLT4/FPR1/FPR2/FSHR/GALR2/GALR3/GCGR/GHR/GHRHR/GHSR/GIPR/GLP1R/GLP2R/GNRHR/GPR17/GPR32/GPR33/HNF4A/HNF4G/HTR3A/HTR3B/HTR3C/HTR3D/HTR3E/IFNAR1/IFNAR2/IFNGR1/IFNGR2/IGF1R/IGF2R/IL10RA/IL10RB/IL11RA/IL12RB1/IL12RB2/IL13RA1/IL13RA2/IL15RA/IL17RA/IL17RB/IL17RC/IL17RD/IL17RE/IL18R1/IL18RAP/IL1R1/IL1R2/IL1RAP/IL1RL1/IL1RL2/IL20RA/IL20RB/IL21R/IL22RA1/IL22RA2/IL23R/IL27RA/IL2RA/IL2RB/IL2RG/IL31RA/IL3RA/IL4R/IL5RA/IL6R/IL7R/IL9R/INSR/KDR/LEPR/LGR4/LGR5/LGR6/LHCGR/LIFR/LTB4R/LTB4R2/LTBR/MC1R/MC2R/MC3R/MC4R/MCHR1/MCHR2/MET/MLNR/MPL/MTNR1A/MTNR1B/NGFR/NMBR/NPR1/NPR3/NR0B1/NR0B2/NR1D1/NR1D2/NR1H2/NR1H3/NR1H4/NR1I2/NR1I3/NR2C1/NR2C2/NR2E1/NR2E3/NR2F1/NR2F2/NR2F6/NR3C1/NR3C2/NR4A1/NR4A2/NR4A3/NR5A1/NR5A2/NR6A1/NRP1/NRP2/OGFR/OPRD1/OPRK1/OPRL1/OPRM1/OSMR/OXTR/PGR/PGRMC2/PLAUR/PLXNA1/PLXNA2/PLXNA3/PLXNA4/PLXNB1/PLXNB2/PLXNB3/PLXNC1/PLXND1/PPARA/PPARD/PPARG/PRLHR/PRLR/PTAFR/PTGDR/PTGDS/PTGER1/PTGER2/PTGER3/PTGER4/PTGFR/PTH1R/PTH2R/RARA/RARB/RARG/ROBO1/ROBO2/ROBO3/RORA/RORB/RORC/RXFP1/RXFP2/RXFP3/RXRA/RXRB/RXRG/S1PR1/S1PR2/SCTR/SDC1/SDC2/SDC3/SDC4/SORT1/SSTR1/SSTR2/SSTR5/TACR1/TEK/TGFBR1/TGFBR2/TGFBR3/THRA/THRB/TIE1/TNFRSF10A/TNFRSF10B/TNFRSF10C/TNFRSF10D/TNFRSF11A/TNFRSF12A/TNFRSF13B/TNFRSF13C/TNFRSF14/TNFRSF17/TNFRSF18/TNFRSF19/TNFRSF1A/TNFRSF1B/TNFRSF21/TNFRSF25/TNFRSF4/TNFRSF6B/TNFRSF8/TNFRSF9/TRHR/TSHR/TUBB3/VDR/VIPR1/VIPR2/XCR1
Interferons_Li_et_al,IFNA10/IFNA13/IFNA14/IFNA16/IFNA17/IFNA2/IFNA21/IFNA4/IFNA5/IFNA6/IFNA7/IFNA8/IFNB1/IFNE/IFNG/IFNK/IFNW1
Interferon_Receptor_Li_et_al,IFNAR2/IFNGR1/IFNGR2
Interleukins_Li_et_al,IL11/IL12A/IL12B/IL13/IL15/IL16/IL17A/IL17B/IL17C/IL17D/IL17F/IL18/IL19/IL1A/IL1B/IL1F10/IL1RN/IL2/IL20/IL21/IL22/IL23A/IL24/IL25/IL26/IL27/IL3/IL31/IL32/IL33/IL34/IL4/IL5/IL6/IL6ST/IL7/IL9/TXLNA
Interleukins_Receptor_Li_et_al,IL10RA/IL10RB/IL11RA/IL12RB1/IL12RB2/IL13RA1/IL13RA2/IL15RA/IL17RA/IL17RB/IL17RC/IL17RD/IL17RE/IL18R1/IL18RAP/IL1R1/IL1R2/IL1RAP/IL1RL1/IL1RL2/IL20RA/IL20RB/IL21R/IL22RA1/IL22RA2/IL23R/IL27RA/IL2RA/IL2RB/IL2RG/IL31RA/IL3RA/IL4R/IL5RA/IL6R/IL7R/IL9R
Natural_Killer_Cell_Cytotoxicity_Li_et_al,HLA-A/HLA-B/HLA-C/HLA-E/HLA-G/KIR3DL1/KIR3DL2/KIR2DL1/KIR2DL3/KIR2DL4/KLRC1/KLRC2/KLRC3/KLRD1/PTPN6/PTPN11/ICAM1/ICAM2/ITGAL/ITGB2/PTK2B/VAV3/VAV1/VAV2/RAC1/RAC2/RAC3/PAK1/MAP2K1/MAP2K2/MAPK1/MAPK3/TNF/CSF2/IFNG/NCR2/TYROBP/LCK/FCGR3A/FCGR3B/NCR1/NCR3/FCER1G/CD247/ZAP70/SYK/LCP2/LAT/PLCG1/PLCG2/SH3BP2/PIK3CA/PIK3CB/PIK3CD/PIK3CG/PIK3R5/PIK3R1/PIK3R2/PIK3R3/FYN/SHC2/SHC4/SHC3/SHC1/GRB2/SOS1/SOS2/HRAS/KRAS/NRAS/ARAF/BRAF/RAF1/MICA/MICB/ULBP3/ULBP2/ULBP1/KLRK1/HCST/CD48/CD244/PPP3CA/PPP3CB/PPP3CC/PPP3R1/PPP3R2/CHP2/NFAT5/NFATC1/NFATC2/NFATC3/NFATC4/PRKCA/PRKCB/PRKCG/SH2D1B/SH2D1A/IFNGR1/IFNGR2/IFNA1/IFNA2/IFNA4/IFNA5/IFNA6/IFNA7/IFNA8/IFNA10/IFNA13/IFNA14/IFNA16/IFNA17/IFNA21/IFNB1/IFNAR1/IFNAR2/TNFSF10/TNFRSF10D/TNFRSF10C/TNFRSF10B/TNFRSF10A/FASLG/FAS/GZMB/PRF1/CASP3/BID
TCR_signaling_Pathway_Li_et_al,CD3D/CD3E/CD3G/CD247/CD4/CD8A/CD8B/PTPRC/LCK/FYN/ZAP70/LCP2/LAT/ITK/TEC/NCK1/NCK2/VAV3/VAV1/VAV2/GRAP2/GRB2/PAK1/PAK2/PAK3/PAK4/PAK6/RHOA/CDC42/PPP3CA/PPP3CB/PPP3CC/PPP3R1/PPP3R2/CHP2/NFAT5/NFATC1/NFATC2/NFATC3/NFATC4/SOS1/SOS2/HRAS/KRAS/NRAS/FOS/JUN/CARD11/BCL10/MALT1/CHUK/IKBKB/IKBKG/NFKB1/RELA/NFKBIA/NFKBIB/NFKBIE/CD28/ICOS/CD40LG/PIK3R5/PIK3R1/PIK3R2/PIK3R3/PIK3CA/PIK3CB/PIK3CD/PIK3CG/AKT3/AKT1/AKT2/MAP3K8/MAP3K14/PDCD1/CTLA4/PTPN6/CBLC/CBL/CBLB/IL2/IL4/IL5/IL10/IFNG/CSF2/TNF/CDK4/RASGRP1/PDK1/PLCG1/PRKCQ
TGFb_Family_Member_Li_et_al,BMP1/BMP10/BMP15/BMP2/BMP3/BMP4/BMP5/BMP6/BMP7/BMP8A/BMP8B/GDF1/GDF10/GDF11/GDF15/GDF2/GDF3/GDF5/GDF6/GDF7/GDF9/GDNF/INHA/INHBA/INHBB/INHBC/INHBE/LEFTY1/LEFTY2/NODAL/TGFB1/TGFB2/TGFB3
TGFb_Family_Member_Receptor_Li_et_al,ACVR1B/ACVR1C/ACVR2A/ACVR2B/ACVRL1/AMHR2/BMPR1A/BMPR1B/BMPR2/TGFBR1/TGFBR2/TGFBR3
TNF_Family_Members_Li_et_al,TNFRSF11B/TNFSF10/TNFSF11/TNFSF12/TNFSF13/TNFSF13B/TNFSF14/TNFSF15/TNFSF18/TNFSF4/TNFSF8/TNFSF9
TNF_Family_Members_Receptors_Li_et_al,TNFRSF10B/TNFRSF10C/TNFRSF10D/TNFRSF11A/TNFRSF12A/TNFRSF13B/TNFRSF13C/TNFRSF14/TNFRSF17/TNFRSF18/TNFRSF19/TNFRSF1A/TNFRSF1B/TNFRSF21/TNFRSF25/TNFRSF4/TNFRSF6B/TNFRSF8/TNFRSF9
T_cell_accumulation_Peng_et_al,FYN/F11R/SEMA4D/CCL1/EGR2/TBC1D22A/WNT10B/DGKA/TAP1/DGKZ/JUN/CXorf56/NPTXR/HIPK2/CBLB/BTG2/ENTPD1
T_cell_exhaustion_Peng_et_al,HSPA1B/HSPA1A/NR4A2/RGS1/TNFAIP3/CAMK2N1/DUSP1/NR4A3/IFIT3/IFIT1B/FOSB/CCL5/SAMD3/CCL3L3/MACC1/VPS37B/TF/DSEL/SPATA20/ADSSL1/DHX58/SPP1/TRIM15/DUSP26/ABI3/SFN/C1QC/RTP4/JUN/BCKDHB/CCL4/POU6F1/CYSLTR2/SLC14A1/RGS16/CUEDC1/DEDD2/CPEB1/CTSS/TMEM88/FAM196B/SKI/BTG1/SYCP2L/RGS2/ABCB1/ADRB2/CD69/RNF166/TNN
T_cell_regulatory_Peng_et_al,FOXP3/ITGB8/LRRC32/IKZF2/PENK/GPR83/WLS/PLAGL1/CD80/NT5E/IL10/FAM160A1/ECM1/CXCL10/PTPRJ/IL1R2/CORO2A/ARHGAP20/CD83/LY96/IKZF4/ANKRD55/NEB/RRAGD/TRAT1/SAMD9L/SCIN/TNFRSF8/FAM129A/CD200R1/IL18R1/MAF/RLN3/CCR6/SLC14A1/LDLRAD4/PHLPP1/ITGAE/CCR8/IFNGR1/SLC9A7/MYO1E/ZSCAN29/ANKRD12/GPR52/JUN/TTC39C/IFITM3/DUSP4/RTP4
ICB_resistance_Peng_et_al,KCNJ13/ADGRE1/LYZ/DPT/HLA-DQB1/LPAR4/CD53/SPP1/GXYLT2/IRGM/CXCL10/RTP4/FSCN1/FCGR3B/FCGR3A/IFI44/PLXNC1/CCL3L3/CYBB/USP18/IRF4/HLA-DQA1/TYROBP/ZBP1/MGLL/TGFBI/PTPRC/PSMB9/IFI16/CTSS/FOLR2/FAM81A/PDE8A/CCR5/SERPINB2/CLEC12A/MS4A7/CD180/OAS2/CCR2/HLA-DRB5/PLD4/XAF1/SLC7A8/CD84/CD74/CYTH4/FCER1G/IL7R/CLEC7A
MDSC_Peng_et_al,IL13RA2/SERPINE2/CT45A1/MAGEA4/MAGEA3/FDCSP/XAGE1B/IGFBP3/BMP2/LCN2/MRGPRX3/RRM2/COL9A3/UBE2C/ID1/BEX3/CTHRC1/AKAP12/WWTR1/SPOCK1/KRT18/CT45A5/TNC/SPANXB1/DCBLD2/CCNB1/SFRP1/OVOS2/HAS2/DKK1/MAGEC2/S100A16/PAGE5/PRAME/KRT6B/FAT1/APOBEC3B/ITGA2/PMEPA1/TM4SF1/MAGEA2/SERPINA3/MOCOS/TUBB3/POPDC3/S100A13/ASPM/GTSF1/YAP1/CNN3
TAM_Peng_et_al,F13A1/FCER1A/CCL17/FOXQ1/ESPNL/CD1A/GATM/CCL13/PALLD/GALNT18/MAOA/RAMP1/STAB1/CCL26/CCL23/PARM1/CD1E/ITM2C/CALCRL/CRH/RGS18/MS4A6A/DHRS2/PON2/ALOX15/RAB33A/MOCOS/CCL18/IL17RB/FABP4/CMTM8/QPRT/CDR2L/DUOXA1/ABCC4/SYT17/PPP1R14A/PDGFC/GPT/FAM189A2/RASAL1/IPCEF1/ZNF366/MAP4K1/RAB30/PCED1B/TMIGD3/SH3BP4/RRS1/RNASE1
CAF_Peng_et_al,COL3A1/COL1A2/COL1A1/CTSK/THBS2/COL6A3/C1S/COL5A1/C3/SFRP2/COL6A1/C1R/VCAN/MXRA5/MMP3/ISLR/DCN/COL5A2/CRISPLD2/CDR1/CXCL14/COL12A1/ADAMDEC1/AEBP1/LUM/MMP1/SERPINF1/TIMP2/IGFBP5/SPARC/CHI3L1/PLAT/SULF1/GREM1/BGN/DKK3/COL8A1/TIMP1/RARRES2/C11orf96/FBN1/TMEM158/THY1/PCOLCE/CYR61/EFEMP1/CTHRC1/ACTA2-AS1/FBLN1/CXCL1
T_cell_probe_Jeschke_et_al,RASSF1/SHANK2/FAM113B/VSX1/DRD4/CD6/OSM/BIN2/SEMA3B/VAV1/MT3/HEM1/LCK/EDG6/KLHL6/ADA/PTPRCAP/Cl6orf54/INA/LAT/SH2D3C/CD3D/PPP1R16B/ALDH1A3
MeTIL_Jeschke_et_al,PTPRCAP/KLHL6/INA/SEMA3B/RASSF1
Cardiolipin_Metabolism,CKMT1A/CKMT1B/CYCS/NME4/TAZ/TMEM256-PLSCR3
Cardiolipin_Biosynthesis,CRLS1/PGS1/PTPMT1/TAMM41
Cholesterol_Biosynthesis,ACAT2/CYP51A1/DHCR24/DHCR7/EBP/FDFT1/FDPS/GGPS1/HMGCR/HMGCS1/HSD17B7/IDI1/LBR/LIPA/LSS/MSMO1/MVD/MVK/NSDHL/PMVK/SC5D/SOAT1/SQLE/TM7SF2
Citric_Acid_Cycle,ACLY/ACO1/ACO2/CS/DLAT/DLD/DLST/FH/IDH1/IDH2/IDH3A/IDH3B/IDH3G/MDH1/MDH2/MPC1/OGDH/OGDHL/PC/PCK1/PCK2/PDHA1/PDHA2/PDHB/SDHA/SDHB/SDHC/SDHD/SUCLA2/SUCLG1/SUCLG2/PDHX
Cyclooxygenase_Arachidonic_Acid_Metabolism,ANXA1/MKNK1/PLA2G4A/PTGS1/PTGS2/VIM
Prostaglandin_Biosynthesis,AKR1A1/AKR1B1/AKR1C3/CBR1/FAM213B/HPGDS/PTGDS/PTGES/PTGES2/PTGES3
Purine_Biosynthesis,ADSL/ADSS/ADSSL1/AK1/AK2/AK3/AK4/AK5/ATIC/GART/GMPS/IMPDH1/IMPDH2/PAICS/PFAS/PPAT/PRPS1/PRPS1L1/PRPS2/TAF9
Pyrimidine_Biosynthesis,CAD/CMPK1/CMPK2/CTPS1/CTPS2/DHODH/NME1/NME2/NME3/NME4/NME6/UMPS
Dopamine_Biosynthesis,DDC/QDPR/SLC18A2/TH
Epinephrine_Biosynthesis,DBH/DDC/PNMT/QDPR/SLC18A2/TH
Norepinephrine_Biosynthesis,DBH/DDC/QDPR/SLC18A2/TH
Fatty_Acid_Degradation,ABCD1/ABCD2/ACAA2/ACAD9/ACADL/ACADM/ACADS/ACADVL/ACAT1/ACSL1/ACSL3/ACSL4/ACSL5/ACSL6/ACSM1/ACSM2A/ACSM2B/ACSM3/ACSM4/ACSS1/ACSS2/ACSS3/CPT1A/CPT1B/CPT2/CRAT/CROT/ECHS1/ETFA/ETFB/ETFDH/HADH/HADHA/HADHB/HSD17B10/PEX11G/PEX13/PEX14/SLC25A20/ACAT2/ACAA1/EHHADH/ACOX3/ACOX1/ACADSB/GCDH/ACSBG1/ACSBG2/CPT1C/ECI1/ECI2/CYP4A11/CYP4A22/ADH1A/ADH1B/ADH1C/ADH7/ADH4/ADH5/ADH6/ALDH2/ALDH3A2/ALDH1B1/ALDH7A1/ALDH9A1
Fatty_Acid_Elongation,ACACA/ACACB/ACLY/FASN/MCAT/OLAH/OXSM/ACAA2/ECHS1/HADHA/HADHB/HSD17B10/MECR/PPT1/HADH/PPT2/ELOVL1/ELOVL2/ELOVL3/ELOVL4/ELOVL5/ELOVL6/ELOVL7/HSD17B12/HACD2/HACD1/HACD4/HACD3/TECR/ACOT4/ACOT2/ACOT1/ACOT7
Fatty_Acid_Biosynthesis,ACACA/ACACB/MCAT/FASN/OXSM/OLAH/ACSL6/ACSL4/ACSL1/ACSL5/ACSL3/ACSBG1/ACSBG2
Folate_One_Carbon_Metabolism,ALDH1L1/AMT/DHFR/DLD/DMGDH/FOLH1/FOLR1/FOLR2/FPGS/GCSH/GGH/GLDC/MTHFD1/MTHFD1L/MTHFD2/MTHFD2L/MTHFR/MTR/MTRR/SARDH/SHMT1/SHMT2/SLC19A1/SLC25A32/SLC46A1/ALDH1L2/ATIC/FTCD/GART/MTFMT/MTHFS/TYMS/DHFR2
Folate_biosynthesis,GCH1/ALPL/ALPI/ALPP/ALPPL2/DHFR/DHFR2/FPGS/GGH/PTS/SPR/QDPR/MOCS1/MOCS2
Gluconeogenesis,ACSS1/ACSS2/ADH1A/ADH1B/ADH1C/ADH4/ADH5/ADH6/ADH7/ADPGK/AKR1A1/ALDH1A3/ALDH1B1/ALDH2/ALDH3A1/ALDH3A2/ALDH3B1/ALDH3B2/ALDH7A1/ALDH9A1/ALDOA/ALDOB/ALDOC/BPGM/DLAT/DLD/ENO1/ENO2/ENO3/FBP1/FBP2/G6PC/G6PC2/G6PC3/GALM/GAPDH/GAPDHS/GCK/GOT1/GOT2/GPI/HK1/HK2/HK3/HKDC1/LDHA/LDHAL6A/LDHAL6B/LDHB/LDHC/MDH2/MPC1/PANK1/PC/PCK1/PCK2/PDHA1/PDHA2/PDHB/PFKFB1/PFKL/PFKM/PFKP/PGAM1/PGAM2/PGAM4/PGK1/PGK2/PGM1/PGM2/PKLR/SLC25A11/SLC2A2/SLC37A4/TPI1
Glycolysis,ACSS1/ACSS2/ADH1A/ADH1B/ADH1C/ADH4/ADH5/ADH6/ADH7/ADPGK/AKR1A1/ALDH1A3/ALDH1B1/ALDH2/ALDH3A1/ALDH3A2/ALDH3B1/ALDH3B2/ALDH7A1/ALDH9A1/ALDOA/ALDOB/ALDOC/BPGM/DLAT/DLD/ENO1/ENO2/ENO3/FBP1/FBP2/G6PC/G6PC2/GALM/GAPDH/GAPDHS/GCK/GPI/HK1/HK2/HK3/HKDC1/LDHA/LDHAL6A/LDHAL6B/LDHB/LDHC/PANK1/PCK1/PCK2/PDHA1/PDHA2/PDHB/PFKFB1/PFKFB2/PFKFB3/PFKFB4/PFKL/PFKM/PFKP/PGAM1/PGAM2/PGAM4/PGK1/PGK2/PGM1/PGM2/PKLR/PKM/SLC2A2/TPI1
Glycogen_Biosynthesis,GBE1/GCK/GSK3A/GSK3B/GYG1/GYS1/GYS2/PGM1/PGM2/PGM3/PPP1CA/PPP1CB/PPP1CC/PPP1R3A/PPP1R3B/PPP1R3C/PPP1R3D/PPP1R3E
Glycogen_Degradation,AGL/CALM1/CALM2/CALM3/G6PC/PGM1/PGM2/PGM3/PHKA1/PHKA2/PHKB/PHKG1/PHKG2/PPP1CA/PPP1CB/PPP1CC/PPP1R3A/PPP1R3B/PPP1R3C/PPP1R3D/PPP1R3E/PYGB/PYGL/PYGM
Heme_Biosynthesis,ALAD/ALAS1/ALAS2/CPOX/FECH/HMBS/PPOX/UROD/UROS
Hexosamine_Biosynthesis,GFPT1/GNPNAT1/GPI/MGEA5/OGT/PGM3/UAP1
Homocysteine_Biosynthesis,AHCY/CARM1/COMT/DOT1L/GAMT/HNMT/MRM2/MTHFR/NNMT/PCMT1/PEMT/PNMT/PRMT1/PRMT5/PRMT6/RNMT/SETDB1/SUV39H2
Remethylation,MTHFR/MTR/MTRR/AHCY/ALDH7A1/BHMT/CHDH/MAT2A/MAT2B/PEMT
Transsulfuration,CBS/CDO1/CSAD/CTH
Ketone_Biosynthesis_and_Metabolism,AACS/ACAT1/ACAT2/BDH1/BDH2/HMGCL/HMGCS1/HMGCS2/OXCT1/OXCT2
Kynurenine_Metabolism,AADAT/ACMSD/AFMID/GOT2/HAAO/IDO1/IDO2/KMO/KYAT1/KYAT3/KYNU/TDO2
Methionine_Cycle,AHCY/AMD1/BHMT/CARM1/CBS/CHDH/COMT/CTH/DNMT1/DNMT3A/DNMT3B/DOT1L/EZH2/GAMT/GNMT/HNMT/IL4I1/KMT5A/MARS/MAT1A/MAT2A/MAT2B/MRM2/MSRB2/MSRB3/MTAP/MTFMT/MTHFR/MTR/MTRR/NNMT/PCMT1/PEMT/PNMT/PRMT1/PRMT2/PRMT3/PRMT5/PRMT6/PRMT7/RNMT/SETD7/SETDB1/SHMT1/SMS/SMYD2/SRM/SUV39H1/SUV39H2
Pentose_Phosphate,ALDOA/ALDOB/ALDOC/DERA/FBP1/FBP2/G6PD/GPI/H6PD/PFKL/PFKM/PFKP/PGD/PGLS/PGM1/PGM2/PRPS1/PRPS1L1/PRPS2/RBKS/RGN/RPE/RPIA/TALDO1/TKT/TKTL1/TKTL2/GLYCTK/IDNK/RPEL1
Nicotinamide_Adenine_Metabolism,GAPDH/GOT1/GOT2/GPD1/GPD2/MDH1/MDH2/NADK/NADK2/NNT/SLC1A3/SLC22A13/SLC25A11/SLC25A12/SLC25A13/SLC36A4/SLC5A8/SLC7A5
ADP_Ribosylation,BST1/CD38/APLF/CHFR/MACROD1/MACROD2/OARD1/PARG/PARP1/PARP10/PARP11/PARP12/PARP14/PARP15/PARP16/PARP2/PARP3/PARP4/PARP6/PARP8/PARP9/RNF146/TIPARP/TNKS/TNKS2/ZC3HAV1
Nicotinamide_Adenine_Dinucleotide_Biosynthesis,NADSYN1/NMNAT1/NMNAT2/NMNAT3/QPRT/NAMPT/NAPRT/NMRK1/NMRK2
Nicotinate_and_Nicotinamide_Metabolism,QPRT/NAPRT/PNP/NMRK1/NMRK2/NT5C2/NT5C1A/NT5C1B/NT5C/NT5M/NT5C3A/NT5C3B/NT5C1B-RDH14/NT5E/NMNAT3/NMNAT1/NMNAT2/ENPP1/ENPP3/NUDT12/NADSYN1/NAMPT/CD38/BST1/NADK/NADK2/NNT/NNMT/AOX1
Sirtuin_Nicotinamide_Metabolism,SIRT1/SIRT2/SIRT3/SIRT4/SIRT5/SIRT6/SIRT7
Polyamine_Biosynthesis,AMD1/AZIN1/OAZ1/OAZ2/OAZ3/ODC1/PAOX/SAT1/SMOX/SMS/SRM/MAT2A/MAT2B
Prostanoid_Biosynthesis,PTGS1/PTGS2/PTGIS
Thromboxane_Biosynthesis,TBXAS1
Pyruvate_Metabolism,ACACA/ACACB/ACAT1/ACAT2/ACOT12/ACSS1/ACSS2/ACYP1/ACYP2/AKR1B1/ALDH1B1/ALDH2/ALDH3A2/ALDH7A1/ALDH9A1/DLAT/DLD/GLO1/GRHPR/HAGH/HAGHL/LDHA/LDHAL6A/LDHAL6B/LDHB/LDHC/LDHD/MDH1/MDH2/ME1/ME2/ME3/PC/PCK1/PCK2/PDHA1/PDHA2/PDHB/PDHX/PDK1/PDK2/PDK3/PDK4/PDP1/PDP2/PKLR/PKM/FH
Retinoic_Acid_Metabolism,ALDH1A1/ALDH1A2/ALDH1A3/CES1/CRABP1/CRABP2/CYP26A1/CYP26B1/CYP26C1/DHRS9/FABP5/LRAT/RBP1/RBP4/RDH10/RDH16/STRA6/TTR
Retinoid_Metabolism,ABCA4/LRAT/OPN1LW/OPN1MW/OPN1SW/RBP1/RBP3/RDH10/RDH11/RDH12/RDH5/RDH8/RHO/RLBP1/RPE65
Retinol_Metabolism,ABCA1/ADH1A/ADH1B/ADH1C/ADH4/ADH5/ADH6/ADH7/AKR1B10/ALDH1A1/ALDH1A2/AWAT1/AWAT2/BCO1/CD36/CYP1A1/CYP1A2/CYP26A1/CYP26B1/CYP26C1/CYP2A13/CYP2A6/CYP2A7/CYP2B6/CYP2C18/CYP2C19/CYP2C8/CYP2C9/CYP3A4/CYP3A43/CYP3A5/CYP3A7/CYP4A11/CYP4A22/DGAT1/DHRS3/DHRS4/DHRS4L2/DHRS9/DNAJB11/ERP29/HSP90B1/HSPA5/HYOU1/LRAT/PDIA2/PDIA4/PDIA6/PLB1/PNLIP/PNLIPRP2/PNPLA4/PPIB/RBP2/RDH10/RDH11/RDH12/RDH16/RDH5/RDH8/RETSAT/RPE65/SCARB1/SDF2L1/UGT1A1/UGT1A10/UGT1A3/UGT1A4/UGT1A5/UGT1A6/UGT1A7/UGT1A8/UGT1A9/UGT2A1/UGT2A2/UGT2A3/UGT2B10/UGT2B11/UGT2B15/UGT2B17/UGT2B28/UGT2B4/UGT2B7/AOX1/CYP2S1/CYP3A51P/DHRS4L1/HSD17B6/SDR16C5
Steroid_Hormone_Metabolism,AKR1C1/AKR1C2/AKR1C3/AKR1C4/AKR1D1/COMT/CYP11A1/CYP11B1/CYP11B2/CYP17A1/CYP19A1/CYP1A1/CYP1B1/CYP21A2/CYP3A4/CYP3A43/CYP3A5/CYP3A7/CYP7A1/CYP7B1/FDX1/FDXR/HSD11B1/HSD11B2/HSD17B1/HSD17B12/HSD17B2/HSD17B3/HSD17B6/HSD17B7/HSD17B8/HSD3B1/HSD3B2/POR/SRD5A1/SRD5A2/SRD5A3/STAR/STS/SULT1E1/SULT2B1/UGT1A1/UGT1A10/UGT1A3/UGT1A4/UGT1A5/UGT1A6/UGT1A7/UGT1A8/UGT1A9/UGT2A1/UGT2A2/UGT2A3/UGT2B10/UGT2B11/UGT2B15/UGT2B17/UGT2B28/UGT2B4/UGT2B7
Aldosterone_Biosynthesis,CYP11A1/CYP11B1/CYP11B2/CYP21A2/FDX1/FDXR/POR/STAR
Cortisol_Biosynthesis,CYP11B2/CYP11A1/CYP11B1/CYP17A1/CYP21A2/FDX1/FDXR/HSD3B1/HSD3B2/POR/STAR
Estradiol_Biosynthesis,CYP11A1/CYP17A1/CYP19A1/FDX1/FDXR/HSD17B1/HSD17B2/HSD17B3/HSD3B1/HSD3B2/POR/STAR/STS/SULT1E1/SULT2A1
Testosterone_Biosynthesis,CYP11A1/CYP17A1/FDX1/FDXR/HSD17B2/HSD17B3/HSD3B1/HSD3B2/POR/SRD5A1/SRD5A2/STAR/STS/SULT2A1
Urea_Cycle,ARG1/ARG2/ASL/ASS1/CPS1/GLS2/GLUD1/GOT2/GPT/OTC/SLC1A4/SLC1A5/SLC25A12/SLC25A15
Vitamin_K,GGCX/VKORC1
Pentose_and_Glucuronate_Interconversions,KL/GUSB/UGT2A1/UGT2A3/UGT2B17/UGT2B11/UGT2B28/UGT1A6/UGT1A4/UGT1A1/UGT1A3/UGT2B10/UGT1A9/UGT2B7/UGT1A10/UGT1A8/UGT1A5/UGT2B15/UGT1A7/UGT2B4/UGT2A2/UGDH/UGP2/AKR1A1/CRYL1/RPE/RPEL1/XYLB/AKR1B1/AKR1B10/DCXR/SORD/DHDH/ALDH2/ALDH3A2/ALDH1B1
Fructose_and_Mannose_Metabolism,MPI/PMM2/PMM1/GMPPB/GMPPA/GMDS/TSTA3/FPGT/FUK/ENOSF1/HK3/HK1/HK2/HKDC1/PFKM/PFKP/PFKL/FBP1/FBP2/PFKFB1/PFKFB2/PFKFB3/PFKFB4/TIGAR/KHK/SORD/AKR1B1/AKR1B10/ALDOC/ALDOA/ALDOB/TPI1/TKFC
Galactose_Metabolism,GALM/GALK1/GALT/GALE/UGP2/PGM1/PGM2/HK3/HK1/HK2/HKDC1/GCK/G6PC/G6PC2/G6PC3/GLB1/LCT/LALBA/B4GALT1/B4GALT2/GLA/AKR1B1/AKR1B10/PFKM/PFKP/PFKL/MGAM/MGAM2/GAA/GANC/SI
Ascorbate_and_Aldrate_Metabolism,UGDH/UGT2A1/UGT2A3/UGT2B17/UGT2B11/UGT2B28/UGT1A6/UGT1A4/UGT1A1/UGT1A3/UGT2B10/UGT1A9/UGT2B7/UGT1A10/UGT1A8/UGT1A5/UGT2B15/UGT1A7/UGT2B4/UGT2A2/MIOX/RGN/ALDH2/ALDH3A2/ALDH1B1/ALDH7A1/ALDH9A1
Starch_and_Suctose_Metabolism,MGAM/MGAM2/GAA/GANC/SI/UGP2/ENPP1/ENPP3/GBA3/GYS2/GYS1/GYG1/GYG2/GBE1/PYGL/PYGM/PYGB/AGL/AMY1C/AMY2A/AMY1A/AMY2B/AMY1B/TREH/PGM1/PGM2/HK3/HK1/HK2/HKDC1/GCK/G6PC/G6PC2/G6PC3/PGM2L1/GPI
Amino_Sugar_and_Nucleotide_Sugar_Metabolism,CHIA/CHIT1/HEXA/HEXB/NAGK/PGM3/UAP1/UAP1L1/GNE/RENBP/NANS/NANP/NPL/CMAS/CYB5R1/CYB5R3/CYB5R2/CYB5RL/CYB5R4/HK3/HK1/HK2/HKDC1/AMDHD2/GNPNAT1/GNPDA1/GNPDA2/GFPT2/GFPT1/UXS1/GCK/GPI/PGM1/PGM2/UGP2/UGDH/GALK1/GALT/GALE/PMM2/PMM1/GMPPB/GMPPA/GMDS/MPI/FUK/FPGT/TSTA3
Glyoxylate_and_Dicarboxylate_Metabolism,MDH1/MDH2/CS/ACO2/ACO1/ACAT2/ACAT1/MCEE/PCCA/PCCB/MUT/HAO2/HAO1/CAT/GRHPR/PGP/AGXT/GLUL/SHMT2/SHMT1/GLDC/AMT/DLD/GCSH/HYI/GLYCTK/HOGA1/AFMID
Propanoate_Metabolism,ACSS1/ACSS2/ACSS3/BCKDHA/BCKDHB/DBT/DLD/ACADM/HADHA/EHHADH/ECHS1/HIBCH/ACACA/ACACB/MLYCD/ABAT/PCCA/PCCB/ECHDC1/MCEE/MUT/SUCLG1/SUCLG2/SUCLA2/ALDH6A1/LDHAL6A/LDHAL6B/LDHA/LDHB/LDHC/ACAT2/ACAT1
Butanoate_Metabolism,ACAT2/ACAT1/HADH/HADHA/EHHADH/ECHS1/ACADS/ACSM1/ACSM2A/ACSM4/ACSM5/ACSM3/ACSM2B/ACSM6/L2HGDH/GAD1/GAD2/ABAT/ALDH5A1/HMGCS1/HMGCS2/HMGCL/HMGCLL1/OXCT1/OXCT2/AACS/BDH1/BDH2
Inositol_Phosphate_Metabolism,PIK3C3/MTM1/MTMR1/MTMR2/MTMR3/MTMR4/MTMR8/MTMR6/MTMR7/MTMR14/PI4KA/PI4KB/PI4K2A/PI4K2B/PIP5K1C/PIP5K1A/PIP5K1B/PIP5KL1/OCRL/INPP5B/INPP5E/SYNJ1/SYNJ2/PIK3CA/PIK3CD/PIK3CB/PIK3CG/PTEN/INPP5D/INPPL1/PIK3C2G/PIK3C2A/PIK3C2B/INPP4A/INPP4B/PIKFYVE/PIP4K2C/PIP4K2A/PIP4K2B/PLCB1/PLCB2/PLCB3/PLCB4/PLCD1/PLCD3/PLCD4/PLCE1/PLCG1/PLCG2/PLCZ1/PLCH1/PLCH2/IMPA2/IMPA1/IMPAD1/CDIPT/ISYNA1/INPP1/INPP5K/INPP5J/INPP5A/MINPP1/ITPKB/ITPKA/ITPKC/ITPK1/IPMK/IPPK/MIOX/ALDH6A1/TPI1
Oxidative_Phosphorylation,ND1/ND2/ND3/ND4/ND4L/ND5/ND6/NDUFS1/NDUFS2/NDUFS3/NDUFS4/NDUFS5/NDUFS6/NDUFS7/NDUFS8/NDUFV1/NDUFV2/NDUFV3/NDUFA1/NDUFA2/NDUFA3/NDUFA4/NDUFA4L2/NDUFA5/NDUFA6/NDUFA7/NDUFA8/NDUFA9/NDUFA10/NDUFAB1/NDUFA11/NDUFA12/NDUFA13/NDUFB1/NDUFB2/NDUFB3/NDUFB4/NDUFB5/NDUFB6/NDUFB7/NDUFB8/NDUFB9/NDUFB10/NDUFB11/NDUFC1/NDUFC2/NDUFC2-KCTD14/SDHA/SDHB/SDHC/SDHD/UQCRFS1/CYTB/CYC1/UQCRC1/UQCRC2/UQCRH/UQCRHL/UQCRB/UQCRQ/UQCR10/UQCR11/COX10/COX3/COX1/COX2/COX4I2/COX4I1/COX5A/COX5B/COX6A1/COX6A2/COX6B1/COX6B2/COX6C/COX7A1/COX7A2/COX7A2L/COX7B/COX7B2/COX7C/COX8C/COX8A/COX11/COX15/COX17/ATP5A1/ATP5B/ATP5C1/ATP5D/ATP5E/ATP5O/ATP6/ATP5F1/ATP5G1/ATP5G2/ATP5G3/ATP5H/ATP5I/ATP5J2/ATP5L/ATP5J/ATP8/ATP6V1A/ATP6V1B1/ATP6V1B2/ATP6V1C2/ATP6V1C1/ATP6V1D/ATP6V1E2/ATP6V1E1/ATP6V1F/ATP6V1G1/ATP6V1G3/ATP6V1G2/ATP6V1H/TCIRG1/ATP6V0A2/ATP6V0A4/ATP6V0A1/ATP6V0C/ATP6V0B/ATP6V0D1/ATP6V0D2/ATP6V0E1/ATP6V0E2/ATP6AP1/ATP4A/ATP4B/ATP12A/PPA2/PPA1/LHPP
Nitrogen_Metabolism,GLUD1/GLUD2/GLUL/CPS1/CA13/CA1/CA6/CA7/CA12/CA5B/CA14/CA9/CA3/CA5A/CA8/CA2/CA4
Sulfur_Metabolism,PAPSS1/PAPSS2/BPNT1/IMPAD1/SUOX/CYCS/ETHE1/MPST/TST/SQRDL
Steroid_Biosynthesis,FDFT1/SQLE/LSS/CYP51A1/TM7SF2/MSMO1/FAXDC2/NSDHL/HSD17B7/EBP/DHCR24/SC5D/DHCR7/LIPA/CEL/SOAT2/SOAT1/CYP2R1/CYP27B1/CYP24A1
Primary_Bile_Acid_Biosynthesis,CYP39A1/CYP46A/HSD3B7/CH25H/CYP7B1/CYP7A1/CYP27A1/CYP8B1/AKR1D1/AKR1C4/SLC27A5/AMACR/ACOX2/HSD17B4/SCP2/ACOT8/BAAT
Steroid_Hormone_Biosynthesis,CYP17A1/CYP11A/STS/SULT2B1/CYP21A2/HSD3B1/HSD3B2/SRD5A1/SRD5A2/SRD5A3/AKR1C2/AKR1C3/CYP11B1/CYP11B2/AKR1D1/AKR1C4/HSD11B1/HSD11B2/AKR1C1/CYP7B1/SULT1E1/HSD17B1/HSD17B2/HSD17B6/HSD17B7/HSD17B8/HSD17B12/CYP1A1/CYP1A2/CYP3A5/CYP3A7/CYP3A7-CYP3A51P/CYP2E1/CYP3A4/CYP1B1/CYP19A1/CYP7A1/UGT2A1/UGT2A3/UGT2B17/UGT2B11/UGT2B28/UGT1A6/UGT1A4/UGT1A1/UGT1A3/UGT2B10/UGT1A9/UGT2B7/UGT1A10/UGT1A8/UGT1A5/UGT2B15/UGT1A7/UGT2B4/UGT2A2/COMT/HSD17B3
Glycerolipid_Metabolism,GLYCTK/ALDH2/ALDH3A2/ALDH1B1/ALDH7A1/ALDH9A1/AKR1B1/AKR1B10/AKR1A1/TKFC/GK2/GK/GPAM/GPAT2/GPAT4/GPAT3/AGPAT1/AGPAT2/AGPAT5/LCLAT1/MBOAT1/MBOAT2/AGPAT3/AGPAT4/PLPP1/PLPP3/PLPP2/LPIN1/LPIN3/LPIN2/DGKZ/DGKD/DGKI/DGKA/DGKE/DGKB/DGKH/DGKG/DGKQ/DGKK/DGAT1/DGAT2/MOGAT3/LIPG/LIPC/CEL/PNPLA2/PNPLA3/PNLIP/PNLIPRP1/PNLIPRP2/PNLIPRP3/LIPF/LPL/AGK/MGLL/MOGAT1/MOGAT2/GLA
Glycerophospholipid_Metabolism,GPD1L/GPD1/GPD2/GPAM/GPAT2/GPAT4/GPAT3/AGPAT1/AGPAT2/AGPAT5/LCLAT1/MBOAT1/MBOAT2/AGPAT3/AGPAT4/GNPAT/ADPRM/PLPP1/PLPP3/PLPP2/LPIN1/LPIN3/LPIN2/DGKZ/DGKD/DGKI/DGKA/DGKE/DGKB/DGKH/DGKG/DGKQ/DGKK/CHPT1/CEPT1/PLD1/PLD2/PLD3/PLD4/LCAT/PLA2G10/PLA2G2D/PLA2G2E/PLA2G3/PLA2G2F/PLA2G12A/PLA2G12B/PLA2G1B/PLA2G5/PLA2G2A/PLA2G2C/PLA2G4E/PLA2G4A/JMJD7-PLA2G4B/PLA2G4B/PLA2G4C/PLA2G4D/PLA2G4F/PLA2G6/PLB1/PLA2G16/LPCAT2/LPCAT1/LPCAT4/LPCAT3/LYPLA1/PLA2G15/LYPLA2/PNPLA6/PNPLA7/GPCPD1/CHAT/ACHE/CHKA/CHKB/PHOSPHO1/PCYT1B/PCYT1A/EPT1/ETNK1/ETNK2/PCYT2/ETNPPL/PEMT/CDS1/CDS2/PTDSS1/PTDSS2/PISD/PGS1/CRLS1/TAZ/LPGAT1/CDIPT/MBOAT7
Ether_Lipid_Metabolism,PLPP1/AGPS/PLPP3/PLPP2/EPT1/CHPT1/CEPT1/PLA2G10/PLA2G2D/PLA2G2E/PLA2G3/PLA2G2F/PLA2G12A/PLA2G12B/PLA2G1B/PLA2G5/PLA2G2A/PLA2G2C/PLA2G4E/PLA2G4A/JMJD7-PLA2G4B/PLA2G4B/PLA2G4C/PLA2G4D/PLA2G4F/PLA2G6/PLB1/PLA2G16/LPCAT4/ENPP6/ENPP2/TMEM86B/PLD1/PLD2/PLD3/PLD4/UGT8/GAL3ST1/LPCAT2/LPCAT1/PAFAH1B1/PAFAH1B2/PAFAH1B3/PLA2G7/PAFAH2
Shingolipid_Metabolism,SPTLC1/SPTLC2/SPTLC3/KDSR/CERS2/CERS3/CERS6/CERS1/CERS4/CERS5/ASAH1/ASAH2/ACER2/ACER1/ACER3/DEGS1/DEGS2/SGMS1/SGMS2/SMPD1/SMPD2/SMPD3/SMPD4/ENPP7/CERK/PLPP1/PLPP3/PLPP2/SGPP1/SGPP2/SPHK1/SPHK2/SGPL1/UGCG/GBA/GBA2/B4GALT6/GLB1/UGT8/GALC/GAL3ST1/ARSA/NEU1/NEU3/NEU4/NEU2/GLA
Arachidonic_Acid_Metabolism,PLA2G10/PLA2G2D/PLA2G2E/PLA2G3/PLA2G2F/PLA2G12A/PLA2G12B/PLA2G1B/PLA2G5/PLA2G2A/PLA2G2C/PLA2G4E/PLA2G4A/JMJD7-PLA2G4B/PLA2G4B/PLA2G4C/PLA2G4D/PLA2G4F/PLA2G6/PLB1/PLA2G16/PTGS1/PTGS2/PTGES/PTGES2/PTGES3/CBR1/CBR3/FAM213B/TBXAS1/PTGDS/HPGDS/AKR1C3/PTGIS/ALOX5/LTA4H/CYP4F2/CYP4F3/LTC4S/GGT1/GGT5/GPX6/GPX7/GPX2/GPX3/GPX1/GPX5/GPX8/CYP2E1/CYP2J2/CYP2U1/CYP4A11/CYP2C19/CYP4F8/ALOX12/ALOX12B/ALOX15B/CYP2B6/CYP2C8/CYP2C9/EPHX2/ALOX15
Linoleic_Acid_Metabolism,PLA2G10/PLA2G2D/PLA2G2E/PLA2G3/PLA2G2F/PLA2G12A/PLA2G12B/PLA2G1B/PLA2G5/PLA2G2A/PLA2G2C/PLA2G4E/PLA2G4A/JMJD7-PLA2G4B/PLA2G4B/PLA2G4C/PLA2G4D/PLA2G4F/PLA2G6/PLB1/PLA2G16/ALOX15/CYP1A2/CYP2C8/CYP2C9/CYP2C19/CYP2J2/CYP2E1/CYP3A4
alpha_Linoleic_Acid_Metabolism,PLA2G10/PLA2G2D/PLA2G2E/PLA2G3/PLA2G2F/PLA2G12A/PLA2G12B/PLA2G1B/PLA2G5/PLA2G2A/PLA2G2C/PLA2G4E/PLA2G4A/JMJD7-PLA2G4B/PLA2G4B/PLA2G4C/PLA2G4D/PLA2G4F/PLA2G6/PLB1/PLA2G16/FADS2/ACOX3/ACOX1/ACAA1
Biosynthesis_of_Unsaturated_Fatty_Acids,ELOVL6/HSD17B12/HACD2/HACD1/HACD4/HACD3/TECR/PECR/SCD/SCD5/FADS2/ELOVL5/FADS1/ELOVL2/ACOX3/ACOX1/HADHA/ACAA1/ACOT4/ACOT2/ACOT1/ACOT7/BAAT
Purine_Metabolism,NUDT9/ADPRM/NUDT5/PGM1/PGM2/PRPS1L1/PRPS2/PRPS1/PPAT/GART/PFAS/PAICS/ADSL/ATIC/APRT/NT5C2/NT5C1A/NT5C1B/NT5C/NT5M/NT5C3A/NT5C3B/NT5C1B-RDH14/NT5E/PNP/HPRT1/IMPDH1/IMPDH2/NME6/NME7/NME2/NME4/NME1/NME3/NME1-NME2/AK9/ENTPD3/ENTPD8/ENTPD1/CANT1/ENTPD4/ENTPD5/ENTPD6/NUDT16/ITPA/XDH/NUDT2/GMPS/GMPR/GMPR2/GDA/GUK1/PKM/PKLR/RRM1/RRM2B/RRM2/DGUOK/POLR1A/POLR1B/ZNRD1/TWISTNB/POLR1E/POLR2A/POLR2B/POLR2C/POLR2D/POLR2E/POLR2F/POLR2G/POLR2H/POLR2I/POLR2L/POLR2J/POLR2J3/POLR2J2/POLR2K/POLR3A/POLR3B/POLR3C/POLR3D/POLR3E/RPC5/POLR1C/POLR3K/POLR1D/POLR3H/POLR3GL/POLR3G/POLR3F/POLA1/POLA2/PRIM1/PRIM2/POLD1/POLD2/POLD3/POLD4/POLE/POLE2/POLE3/POLE4/HDDC3/PRUNE1/ADCY1/ADCY2/ADCY3/ADCY4/ADCY5/ADCY6/ADCY7/ADCY8/ADCY9/ADCY10/GUCY1A2/GUCY1A3/GUCY1B3/GUCY2C/GUCY2D/GUCY2F/NPR1/NPR2/PDE1A/PDE1B/PDE1C/PDE2A/PDE3A/PDE3B/PDE5A/PDE6A/PDE6B/PDE6C/PDE6D/PDE6G/PDE6H/PDE9A/PDE10A/PDE11A/ADSSL1/ADSS/AMPD2/AMPD3/AMPD1/ADK/DCK/ADA/CECR1/AK7/AK4/AK5/AK2/AK1/adenylate/AK8/AK6/AK3/ENTPD2/NTPCR/PNPT1/PDE4A/PDE4B/PDE4C/PDE4D/PDE7A/PDE7B/PDE8B/PDE8A/FHIT/ENPP4/PAPSS2/PAPSS1/ENPP1/ENPP3/URAD/ALLC
Pyrimidine_Metabolism,CAD/DHODH/UMPS/CMPK1/CMPK2/NME6/NME7/NME2/NME4/NME1/NME3/NME1-NME2/AK9/PNPT1/ENTPD3/ENTPD8/ENTPD1/CANT1/ENTPD4/ENTPD5/ENTPD6/CTPS1/CTPS2/POLR1A/POLR1B/ZNRD1/TWISTNB/POLR1E/POLR2A/POLR2B/POLR2C/POLR2D/POLR2E/POLR2F/POLR2G/POLR2H/POLR2I/POLR2L/POLR2J/POLR2J3/POLR2J2/POLR2K/POLR3A/POLR3B/POLR3C/POLR3D/POLR3E/RPC5/POLR1C/POLR3K/POLR1D/POLR3H/POLR3GL/POLR3G/POLR3F/POLA1/POLA2/PRIM1/PRIM2/POLD1/POLD2/POLD3/POLD4/POLE/POLE2/POLE3/POLE4/UCK1/UCK2/UCKL1/NT5C2/NT5C1A/NT5C1B/NT5C/NT5M/NT5C3A/NT5C3B/NT5C1B-RDH14/NT5E/UPP2/UPP1/UPRT/DPYD/DPYS/UPB1/ENPP1/ENPP3/TXNRD1/TXNRD2/TXNRD3/RRM1/RRM2B/RRM2/DCTPP1/DUT/TYMS/CDA/TYMP/PNP/DCK/DCTD/TK2/TK1/DTYMK/NUDT2
Alanine__Aspartate_and_Glutamate_Metabolism,GOT1/GOT2/IL4I1/DDO/ASNS/NIT2/GPT2/GPT/AGXT/AGXT2/ASS1/ASL/ADSSL1/ADSS/ADSL/NAT8L/RIMKLB/RIMKLA/FOLH1/ASPA/GAD1/GAD2/ABAT/ALDH5A1/GLUD2/GLUD1/ALDH4A1/GLUL/CAD/GLS2/GLS/CPS1/GFPT2/GFPT1/PPAT
Glycine__Serine_and_Threonine_Metabolism,SHMT1/SHMT2/AGXT/GRHPR/GLYCTK/PGAM1/PGAM2/PGAM4/BPGM/PHGDH/PSAT1/PSPH/GCAT/ALAS1/ALAS2/MAOB/MAOA/AOC3/AOC2/GLDC/AMT/DLD/GCSH/DAO/AGXT2/GATM/GAMT/CHDH/ALDH7A1/BHMT/DMGDH/PIPOX/SARDH/GNMT/CBS/CBSL/CTH/SDS/SDSL/SRR
Cysteine_and_Methionine_Metabolism,CTH/CBS/CBSL/BHMT/BHMT2/MTR/MAT2B/MAT1A/MAT2A/AMD1/SRM/SMS/MTAP/MRI1/APIP/ENOPH1/ADI1/TAT/IL4I1/DNMT1/DNMT3A/DNMT3B/AHCYL2/AHCYL1/AHCY/BCAT2/BCAT1/AGXT2/GCLC/GCLM/GSS/CDO1/GOT1/GOT2/MPST/TST/LDHAL6A/LDHAL6B/LDHA/LDHB/LDHC/MDH1/MDH2/SDS/SDSL
Valine__Leucine_and_Isoleucine_Degradation,BCAT2/BCAT1/IL4I1/BCKDHA/BCKDHB/DBT/DLD/ACADS/ACADM/IVD/ACADSB/ACAD8/HADHA/EHHADH/ECHS1/HADH/HSD17B10/ACAA1/ACAA2/HADHB/PCCA/PCCB/MCEE/MUT/HIBCH/HIBADH/ALDH6A1/ALDH2/ALDH3A2/ALDH1B1/ALDH7A1/ALDH9A1/AOX1/ACSF3/ABAT/AGXT2/MCCC1/MCCC2/AUH/HMGCL/HMGCLL1/OXCT1/OXCT2/AACS/ACAT2/ACAT1/HMGCS1/HMGCS2
Valine__Leucine_and_Isoleucine_Biosynthesis,SDS/SDSL/BCAT2/BCAT1
Lysine_Degradation,AASS/ALDH7A1/AADAT/OGDHL/OGDH/DLST/GCDH/HADHA/EHHADH/ECHS1/HADH/ACAT2/ACAT1/HYKK/PHYKPL/PIPOX/ASH1L/DOT1L/EHMT2/EHMT1/KMT2A/KMT2D/KMT2C/KMT2B/KMT2E/NSD1/WHSC1/WHSC1L1/SETD1B/SETD1A/SETD2/SETD3/SETD7/KMT5A/SETDB1/SETDB2/SETMAR/SUV39H1/SUV39H2/KMT5C/KMT5B/EZH1/EZH2/PRDM2/PRDM6/PRDM9/PRDM7/CAMKMT/TMLHE/ALDH2/ALDH3A2/ALDH1B1/ALDH9A1/BBOX1/PLOD1/PLOD2/PLOD3/COLGALT1/COLGALT2
Arginine_Biosynthesis,OTC/ASS1/ASL/ARG2/ARG1/NOS1/NOS2/NOS3/GLS2/GLS/GLUL/GLUD2/GLUD1/CPS1/GOT1/GOT2/GPT2/GPT/NAGS/ACY1/ABHD14A-ACY1
Arginine_and_Proline_Metabolism,GAMT/GATM/CKM/CKMT1A/CKMT2/CKB/CKMT1B/AZIN2/AGMAT/ODC1/SRM/SMS/AMD1/AOC1/SMOX/ALDH2/ALDH3A2/ALDH1B1/ALDH7A1/ALDH9A1/CNDP1/CNDP2/CARNS1/SAT2/SAT1/MAOB/MAOA/NOS1/NOS2/NOS3/ARG2/ARG1/OAT/PYCRL/PYCR2/PYCR1/PRODH/ALDH4A1/ALDH18A1/LAP3/P4HA2/P4HA3/P4HA1/PRODH2/GOT1/GOT2/HOGA1/DAO/L3HYPDH
Histidine_Metabolism,HAL/UROC1/AMDHD1/FTCD/HDC/DDC/AOC1/ALDH2/ALDH3A2/ALDH1B1/ALDH7A1/ALDH9A1/ASPA/HNMT/MAOB/MAOA/ALDH3B1/ALDH3B2/ALDH1A3/ALDH3A1/CARNS1/CARNMT1/CNDP2/CNDP1
Tyrosine_Metabolism,GOT1/GOT2/TAT/IL4I1/HPD/HGD/GSTZ1/FAH/TYR/TH/DCT/TYRP1/DDC/DBH/PNMT/COMT/MAOB/MAOA/AOC3/AOC2/ALDH3B1/ALDH3B2/ALDH1A3/ALDH3A1/ADH1A/ADH1B/ADH1C/ADH7/ADH4/ADH5/ADH6/TPO/AOX1/FAHD1/MIF
Phenylalanine_Metabolism,PAH/DDC/AOC3/AOC2/MAOB/MAOA/ALDH3B1/ALDH3B2/ALDH1A3/ALDH3A1/GLYAT/GOT1/GOT2/TAT/IL4I1/HPD/MIF
Tryptophan_Metabolism,IDO1/TDO2/IDO2/AFMID/KMO/KYNU/HAAO/ACMSD/OGDHL/OGDH/GCDH/HADHA/EHHADH/ECHS1/HADH/ACAT2/ACAT1/KYAT3/KYAT1/AADAT/TPH2/TPH1/DDC/MAOB/MAOA/ALDH2/ALDH3A2/ALDH1B1/ALDH7A1/ALDH9A1/AOX1/ASMT/AANAT/CYP1A1/CYP1A2/CYP1B1/INMT/IL4I1/AOC1/CAT
Phenylalanine__Tyrosine_and_Tryptophan_Biosynthesis,GOT1/GOT2/TAT/IL4I1/PAH
Beta_Alanine_Metabolism,GADL1/GAD1/GAD2/CNDP1/CARNS1/CNDP2/ABAT/SRM/SMS/SMOX/AOC3/AOC2/ALDH2/ALDH3A2/ALDH1B1/ALDH7A1/ALDH9A1/ALDH3B1/ALDH3B2/ALDH1A3/ALDH3A1/DPYD/DPYS/UPB1/HIBCH/HADHA/EHHADH/ECHS1/ACADM/MLYCD/ALDH6A1
Taurine_and_Hypotaurine_Metabolism,CDO1/GAD1/GAD2/CSAD/GADL1/ADO/GGT7/GGT6/GGT1/GGT5/BAAT
Selenocompound_Metabolism,MTR/CTH/SCLY/KYAT3/KYAT1/TXNRD1/TXNRD2/TXNRD3/INMT/PAPSS2/PAPSS1/SEPHS2/SEPHS1/PSTK/SEPSECS/MARS/MARS2
D_Glutamine_and_D_Glutamate_Metabolism,GLS2/GLUD2/GLUD1
Glutathione_Metabolism,GGT7/GGT6/GGT1/GGT5/GGCT/OPLAH/GCLC/GCLM/GSS/LAP3/ANPEP/GSTA5/GSTA2/GSTA4/GSTO2/GSTM4/GSTT2/GSTT1/GSTM3/MGST1/MGST3/GSTP1/GSTM1/GSTM5/MGST2/GSTA1/GSTM2/GSTA3/GSTO1/GSTT2B/GSTK1/HPGDS/NAT8/NAT8B/GSR/IDH1/IDH2/PGD/G6PD/TXNDC12/GPX6/GPX7/GPX2/GPX3/GPX1/GPX5/GPX8/GPX4/ODC1/SRM/SMS/RRM1/RRM2B/RRM2
N_Glycan_Biosynthesis,DOLK/DPAGT1/ALG5/ALG13/ALG14/DPM1/DPM2/DPM3/ALG1/ALG2/ALG11/ALG3/ALG9/ALG12/ALG6/ALG8/ALG10/ALG10B/STT3A/STT3B/RPN1/RPN2/DAD1/TUSC3/DDOST/DOLPP1/MOGS/GANAB/MAN1B1/MAN1A2/MAN1C1/MAN1A1/MGAT1/MAN2A1/MAN2A2/MGAT2/FUT8/B4GALT1/B4GALT2/B4GALT3/ST6GAL1/ST6GAL2/MGAT3/MGAT4A/MGAT4B/MGAT4D/MGAT5/MGAT5B/MGAT4C
Mucin_Type_O_Glycan_Biosynthesis,GALNT5/GALNTL6/WBSCR17/GALNT11/GALNT12/GALNT13/GALNT14/GALNT16/GALNT15/GALNT18/GALNTL5/GALNT10/GALNT2/GALNT3/GALNT1/GALNT6/GALNT4/GALNT9/GALNT7/GALNT8/POC1B-GALNT4/C1GALT1/C1GALT1C1/GCNT1/GCNT3/GCNT4/ST3GAL1/ST3GAL2/ST6GALNAC1/B3GNT6/B4GALT5
Other_Types_of_O_Glycan_Biosynthesis,POMT1/POMT2/POMGNT1/B4GALT1/B4GALT2/B4GALT3/ST3GAL3/FUT9/FUT4/FUT7/MGAT5B/B3GALT4/B3GAT1/B3GAT2/CHST10/OGT/EOGT/POFUT1/POFUT2/MFNG/LFNG/RFNG/ST6GAL1/ST6GAL2/B3GLCT/POGLUT1/GXYLT1/GXYLT2/COLGALT1/COLGALT2/PLOD3
Glycosaminoglycan_Biosynthesis,XYLT2/XYLT1/B4GALT7/B3GALT6/B3GAT3/CSGALNACT1/CSGALNACT2/CHSY3/CHSY1/CHPF/CHPF2/DSE/CHST11/CHST12/CHST13/CHST3/CHST7/CHST15/UST/CHST14/EXTL2/EXTL3/EXTL1/EXT1/EXT2/NDST1/NDST2/NDST3/NDST4/GLCE/HS2ST1/HS6ST1/HS6ST2/HS6ST3/HS3ST1/HS3ST2/HS3ST3B1/HS3ST3A1/HS3ST5/B4GALT1/FUT8/B4GALT2/B4GALT3/B3GNT2/B4GAT1/CHST6/B4GALT4/B3GNT7/CHST1/ST3GAL3/CHST2/CHST4/ST3GAL1/ST3GAL2
Glycosaminoglycan_Degradation,HYAL2/HYAL1/SPAM1/HYAL4/HYAL3/GUSB/IDS/IDUA/ARSB/HPSE/HPSE2/SGSH/HGSNAT/NAGLU/GALNS/GLB1/GNS/HEXA/HEXB
Glycosphosphatidylinositol,PIGA/PIGH/PIGC/PIGQ/PIGP/PIGY/DPM2/PIGL/PIGW/GPLD1/PIGM/PIGX/PIGV/PIGN/PIGB/PIGF/PIGO/GPAA1/PIGK/PIGS/PIGT/PIGU/PGAP1/PIGZ/PIGG
Glycosphingolipid_Biosynthesis,B3GALT1/B3GNT5/B3GALT2/B3GALT5/FUT1/FUT2/FUT3/ST3GAL3/ST3GAL4/ABO/B4GALT1/B4GALT2/B4GALT3/B4GALT4/FUT9/FUT4/FUT5/FUT6/FUT7/ST3GAL6/ST8SIA1/B3GNT2/B4GAT1/B3GNT3/B3GNT4/GCNT2/A3GALT2/B3GALNT1/GBGT1/A4GALT/GLA/HEXA/HEXB/NAGA/ST3GAL1/ST3GAL2/B4GALNT1/B3GALT4/ST8SIA5/ST3GAL5/SLC33A1/ST6GALNAC3/ST6GALNAC4/ST6GALNAC5/ST6GALNAC6/GLB1
Other_Glycan_Degradation,NEU1/NEU3/NEU4/NEU2/GLB1/HEXA/HEXB/HEXDC/MAN2C1/MAN2B1/MAN2B2/MANBA/ENGASE/FUCA1/FUCA2/AGA/GBA/GBA2
Thiamine_Metabolism,NFS1/NTPCR/TPK1/THTPA
Riboflavin_Metabolism,RFK/FLAD1/BLVRB/TYR
Vitamin_B6_Metabolism,PNPO/PDXK/PDXP/PHOSPHO2/AOX1/PSAT1
Pantothenate_and_CoA_Biosynthesis,PANK4/PANK1/PANK3/PANK2/PPCS/PPCDC/ENPP1/ENPP3/COASY/AASDHPPT/VNN1/VNN2/BCAT2/BCAT1/DPYD/DPYS/UPB1/GADL1
Biotin_Metabolism,OXSM/HLCS/BTD
Lipoic_Acid_Metabolism,LIAS/LIPT2/LIPT1
Porphyrin_and_Chlorophyll_Metabolism,ALAS2/ALAS1/EARS2/EPRS/ALAD/HMBS/UROS/UROD/CPOX/PPOX/FECH/COX10/COX15/MMAB/HMOX1/HMOX2/BLVRA/BLVRB/UGT2A1/UGT2A3/UGT2B17/UGT2B11/UGT2B28/UGT1A6/UGT1A4/UGT1A1/UGT1A3/UGT2B10/UGT1A9/UGT2B7/UGT1A10/UGT1A8/UGT1A5/UGT2B15/UGT1A7/UGT2B4/UGT2A2/GUSB/HCCS/CP/HEPH/FXN
Ubiquinone_and_other_Terpenoid_Quinone_Biosynthesis,TAT/COQ2/COQ3/COQ6/COQ5/COQ7/NQO1/GGCX/VKORC1/VKORC1L1/HPD
Terpenoid_Backbone_Biosynthesis,ACAT2/ACAT1/HMGCS1/HMGCS2/HMGCR/MVK/PMVK/MVD/IDI1/IDI2/FDPS/GGPS1/PDSS1/PDSS2/DHDDS/NUS1/FNTA/FNTB/RCE1/ZMPSTE24/ICMT/PCYOX1
Caffiene_Metabolism,CYP1A2/NAT2/NAT1/CYP2A6/XDH
Neomycin__Kanamysin_and_Gentamicin_Biosynthesis,HK3/HK1/HK2/HKDC1/GCK
Metabolism_of_Xenobiotics_by_Cytochrome_P450,CYP1A1/CYP2C9/CYP3A4/CYP1B1/GSTA5/GSTA2/GSTA4/GSTO2/GSTM4/GSTT2/GSTT1/GSTM3/MGST1/MGST3/GSTP1/GSTM1/GSTM5/MGST2/GSTA1/GSTM2/GSTA3/GSTO1/GSTT2B/GSTK1/HPGDS/EPHX1/CYP2B6/SULT2A1/CYP1A2/CYP2A6/CYP2E1/CYP2F1/CYP2S1/AKR1C1/DHDH/CYP2A13/CYP2D6/HSD11B1/CBR1/CBR3/UGT2A1/UGT2A3/UGT2B17/UGT2B11/UGT2B28/UGT1A6/UGT1A4/UGT1A1/UGT1A3/UGT2B10/UGT1A9/UGT2B7/UGT1A10/UGT1A8/UGT1A5/UGT2B15/UGT1A7/UGT2B4/UGT2A2/CYP3A5/AKR7A2/AKR7A3/ALDH3B1/ALDH3B2/ALDH1A3/ALDH3A1/ADH1A/ADH1B/ADH1C/ADH7/ADH4/ADH5/ADH6
Drug_Metabolism_by_Cytochrome_P450,CYP2C9/CYP2D6/CYP3A4/FMO1/FMO2/FMO5/FMO3/FMO4/CYP2C19/CYP2B6/CYP3A5/GSTA5/GSTA2/GSTA4/GSTO2/GSTM4/GSTT2/GSTT1/GSTM3/MGST1/MGST3/GSTP1/GSTM1/GSTM5/MGST2/GSTA1/GSTM2/GSTA3/GSTO1/GSTT2B/GSTK1/HPGDS/ADH1A/ADH1B/ADH1C/ADH7/ADH4/ADH5/ADH6/ALDH3B1/ALDH3B2/ALDH1A3/ALDH3A1/MAOB/MAOA/AOX1/UGT2A1/UGT2A3/UGT2B17/UGT2B11/UGT2B28/UGT1A6/UGT1A4/UGT1A1/UGT1A3/UGT2B10/UGT1A9/UGT2B7/UGT1A10/UGT1A8/UGT1A5/UGT2B15/UGT1A7/UGT2B4/UGT2A2/CYP1A2/CYP2E1/CYP2C8/CYP2A6
Drug_Metabolism_by_other_enzymes,HPRT1/IMPDH1/IMPDH2/GMPS/TPMT/XDH/ITPA/CES1/CES2/UGT2A1/UGT2A3/UGT2B17/UGT2B11/UGT2B28/UGT1A6/UGT1A4/UGT1A1/UGT1A3/UGT2B10/UGT1A9/UGT2B7/UGT1A10/UGT1A8/UGT1A5/UGT2B15/UGT1A7/UGT2B4/UGT2A2/GUSB/CYP3A4/CDA/TYMP/DPYD/DPYS/UPB1/CYP2A6/UPP2/UPP1/UCK1/UCK2/UCKL1/TK2/TK1/UMPS/NAT2/NAT1
Nature_metabolism_Hypoxia,ACOT7/SLC2A1/ALDOA/CDKN3/ENO1/LDHA/MIF/MRPS17/NDRG1/P4HA1/PGAM1/TPI1/TUBB6/VEGFA/ADM
Winter_hypoxia_signature,VEGF/GLUT1/PDK-1/EN01/HK2/CA9/AK3/CCNG2/PFKB3
Hu_hypoxia_signature,FABP5/UCHL1/GAL/PLODDDIT4/VEGF/ADM/ANGPTL4/NDRG1/NP/SLC16A3/C14ORF58/RRAGD
Molecular_Cancer_m6A,METTL3/METTL14/RBM15/RBM15B/WTAP/KIAA1429/CBLL1/ZC3H13/ALKBH5/FTO/YTHDC1/YTHDC2/YTHDF1/YTHDF2/YTHDF3/IGF2BP1/HNRNPA2B1/HNRNPC/FMR1/LRPPRC/ELAVL1
MT_exosome,YWHAG/YWHAQ/CLTC/NCKAP1/CFL1/ACTB/CCT4/RDX/GNA13/CTNNB1
SR_exosome,HSP70/HSP90/CD9/CD63/CD81/CD82
Positive_regulation_of_exosomal_secretion,ATP13A2/CHMP2A/HGS/MYO5B/PDCD6IP/RAB7/SDC1/SDC4/SDCBP/SMPD3/SNF8/STAM/TSG101/VPS4A
Negative_regulation_of_exosomal_secretion,VPS4B/PRKN/RAB7
Exosomal_secretion,STEAP3/TSG101/RAB11A/RAB27A/COPS5
Exosome_assembly,CD34/PDCD6IP/SDC1/SDC4/SDCBP/STAM/TSG101
Extracellular_vesicle_biogenesis,ARRDC1/ARRDC4/ATP13A2/CD34/CHMP2A/COPS5/HGS/MYO5B/PDCD6IP/PRKN/RAB7/RAB11A/RAB27A/SDC1/SDC4/SDCBP/SMPD3/SNF8/STAM/STEAP3/TSG101/VPS4B
MC_Review_Exosome1,TSG101/CD9/CD81/CD63/FLOT1/ITGB1/ITGA1/HSP70/AIP1/ALIX/PDCD6IP
MC_Review_Exosome2,RAB27A/RAB27B/PIKFYVE/HRS/SYT7/CTTN/STAT3/PKM2/UNC13D/miR-155/EGFR/RAS/EIF3C/LKB1/STK11
CMLS_Review_Exosome,HRS/STAM1/TSG101/CHMP4C/ALIX/VAT1/VPS4/CD9/CD82/CD63/LMP1/TSPAN8/VAMP7/YKT6/PKM2/SNAP-23/RALA/RALB/RAB2B/RAB5A/RAB9A/RAB7/RAB11/RAB27A/RAB27B/RAB35/DGKA/PLD2/ARF6/ATG12/ATG7/PIKFYVE/BST2/ATP6V0A4
Ferroptosis,ACSL4/AKR1C1-3/ALOXs/ATP5G3/CARS/CBS/CD44v/CHAC1/CISD1/CS/DPP4/FANCD2/GCLC/GCLM/GLS2/GPX4/GSS/HMGCR/HSPB1/5/KOD/LPCAT3/MT1G/NCOA4/NFE2L2/PTGS2/RPL8/SAT1/SLC7A11/SQS/TFRC/TP53/TTC35/EMC2/MESH1
EV_Cell_2020,HSP90AB1/HSP90AA1/CD9/ALIX/FLOT1/FLOT2/TSG101/HSPA8/CD81/CD63/HBB/JCHAIN/A2M/B2M/FN1/RAP1B/LGALS3BP/GSN/MSN/FLNA/ACTB/STOM/PRDX2
CD4_c0_Tcm,ANXA1/LMNA/VIM/KLRB1/IL7R/ZFP36/ZFP36L2/GPR183/CXCR4/RGCC/FTH1/MYADM/FOS/AHNAK/PTGER4/JUND/TNFAIP3/KLF2/GPR171/S100A10/MCL1/LYAR/S100A11/TTC19/CD69/ADGRE5/FKBP11/PIK3R1/CD55/TSC22D3/FAM177A1/AREG/TOB1/ARL4C/ANXA2/FOSB/KLF6/NR4A2/TIMP1/TGFB1/PTGER2/AQP3/CRIP1/TAGLN2/CRYBG1/CDKN1A/EZR/SLC2A3/PLP2/GLIPR1
CD4_c1_Treg,FOXP3/IL2RA/TNFRSF4/TIGIT/CARD16/TNFRSF18/BATF/CTLA4/RTKN2/IL32/PMAIP1/SAT1/CTSC/TNFRSF9/TBC1D4/MAGEH1/IKZF2/TNFRSF1B/LAYN/CD74/HTATIP2/CD27/GBP5/GK/CD7/IL2RB/STAM/LINC00152/DNPH1/IL1R2/DUSP4/GBP2/HLA-DRB1/LAIR2/RGS1/PIM2/MIR4435-1HG/GLRX/HPGD/HLA-A/ICA1/ICOS/UGP2/ENTPD1/GADD45A/UCP2/NAMPT/IFI6/CCR8/ARID5B
CD4_c10_Tn_LEF1_ANKRD55,ANKRD55/LEF1/TCF7/NOSIP/SELL/IL6ST/LDLRAP1/RIPOR2/FYB1/TRABD2A/ATM/C1orf162/TXNIP/MCUB/TXK/CCR7/SCML4/ARHGAP45/RASGRP2/MAL/SERINC5/INPP4B/PLAC8/TSHZ2/FHIT/ACTN1/KLF2/MAML2/FLT3LG/TGFBR2/GIMAP7/LDHB/AIF1/SELENOH/TRAF3IP3/ABLIM1/ADD3/EIF3E/MYC/ATP5MC2/OXNAD1/DGKA/TMC8/CAMK4/FCMR/TC2N/LPAR6/AES/FOXP1/TESPA1
CD4_c11_Tisg,ISG15/IFI6/IFI44L/MX1/IFIT3/IFIT1/RSAD2/STAT1/MX2/OAS1/LY6E/XAF1/SAMD9L/OAS3/EIF2AK2/IFI44/HERC5/EPSTI1/ISG20/IRF7/OASL/IFIT2/GBP1/IFI27/PARP9/SAMD9/CMPK2/IFITM1/RNF213/UBE2L6/TRIM22/OAS2/PLSCR1/TNFSF10/IFI16/PARP14/SP110/IFI35/BST2/USP18/LGALS9/SP100/DDX60L/SLFN5/PPM1K/LAP3/C19orf66/GZMA/DRAP1/GBP4
CD4_c2_Tn,NBEAL1/CCR7/GLTSCR2/TCF7/GNB2L1/SELL/C6orf48/TMEM66/EEF1B2/LEF1/TOMM7/EEF1G/EIF3E/GIMAP1/NOSIP/UBA52/FAM65B
CD4_c3_Tfh,CXCL13/NMB/PDCD1/FABP5/ITM2A/LAG3/CD200/TOX2/GNG4/TIGIT/NR3C1/SH2D1A/SMCO4/CHI3L2/TOX/ICA1/CAV1/PTPN13/PTPRCAP/SRGN/DUSP4/PPP1CC/PDE7B/CORO1B/AHI1/H2AFZ/TNFRSF4/C9orf16/LAT/BTLA/CPM/GK/GAPDH/TNFRSF18/NME1-NME2/GPX1/CXCR5/PGAM1/PKM/RNF19A/ZBED2/PASK/THADA/LIMS1/IL6ST/RAB27A/FKBP5/MAF/ATP5G3/PFN1
CD4_c4_Tstr,HSPA6/HSPA1A/HSPA1B/DNAJB1/HSPH1/HSP90AA1/HSPE1/HSPB1/BAG3/HSPD1/DNAJA1/HSP90AB1/JUN/NR4A1/FKBP4/HSPA8/ZFAND2A/SERPINH1/FOSB/FOS/PPP1R15A/CACYBP/DUSP1/EGR1/GADD45B/UBB/UBC/DNAJB4/RGS2/CCL4/IFNG/RHOB/MRPL18/DNAJA4/BTG2/CHORDC1/ATF3/AHSA1/TNF/NEU1/IER2/DNAJB6/DUSP2/IER5/CD69/SERTAD1/ANXA1/KLF6/NR4A2/TCP1
CD4_c5_CTL,GZMA/CCL5/CCL4/GZMH/NKG7/HOPX/GZMB/LGALS1/ALOX5AP/GZMK/CXCR6/CST7/HLA-DRB1/HLA-DRB5/GLUL/RBPJ/HLA-DPA1/XCL1/ATP5F1E/HLA-DPB1/GNLY/APOBEC3G/CD99/S100A4/HLA-DRA/SH3BGRL3/ANXA2/CLU/S100A6/PRF1/C12orf75/LCP1/ITGB2/CXCR3/ITGB1/CYBA/AHNAK/COTL1/CLIC1/CD63/CD52/ID2/S100A10/CTSW/S100A11/EMB/HMGB2/PARP8/ATP5MG/ANXA1
CD4_c6_Tn_FHIT,FHIT/ADTRP/GLTSCR2/EIF3E/NOSIP/SELL/C6orf48/DONSON/TCF7/LEF1/CCR7/AIF1/GNB2L1/PLAC8/EEF1B2/TRABD2A/MAL/TSHZ2/TXK/TOMM7/LDLRAP1/ACTN1/VAMP2/RASGRP2/LDHB/C1orf162/ATM/FAM65B/TMIGD2/AES/ATP5O/KLF3/UQCRB/KLF2/UBA52/MYC/FOXP1/ABLIM1/APBA2/SH3YL1/NPM1
CD4_c7_Tn_TCEA3,TCEA3/NOSIP/TCF7/LEF1/MAL/C1orf162/LDLRAP1/FLT3LG/EIF3E/RASGRP2/AES/SELL/AIF1/PLAC8/DONSON/TRABD2A/GLTSCR2/LDHB/ADD3/SMDT1/C6orf48/MYC/RIPOR2/TRAF3IP3/TXK/FHIT/BIN2/CD48/GPSM3/ALKBH7/ATM/FBL/SH3BP5/CDC25B/EIF2S3/ACTN1/PSIP1/CCND3/BIN1/EIF3L/UXT/VAMP2/STMN3/CCR7/SELENOH/SH3YL1/SPINT2/EEF1B2/KLF2/NUCB2
CD4_c8_Tf17,GNLY/SLC1A4/CTSH/CXCR6/LGALS3/PLIN2/JAML/KLRB1/IL17F/IL17A/HSP90AA1/BHLHE40/CCL20/HSPA8/ALOX5AP/SPOCK2/S100A4/RBPJ/PKIG/PHLDA1/GAPDH/RORA/CCR6/MSC/FURIN/LPXN/CCL4/PDCD4/CLDND1/FKBP4/LGALS1/AHR/TNFRSF18/TANK/CACYBP/ZEB2/KIAA0319L/CAPG/TIFA/NCDN/SOX4/ANXA5/ADAM19/DNAJA1/H2AFZ/ATP2B4/HSP90AB1/LMO4/GNA15/SQSTM1
CD4_c9_Tn_TCF7_SLC40A1,SLC40A1/TCF7/NOSIP/LEF1/MAL/SELL/C1orf162/LDLRAP1/FLT3LG/KLF2/EEF1G/TRABD2A/SORL1/RASGRP2/AES/ATM/INPP4B/CD48/CCR7/LDHB/PLAC8/TMC8/SCML4/TMEM66/FAM65B/ADD3/ABLIM1/RIPOR2/ITGA6/GLTSCR2/TMEM123/ACTN1/ARHGAP15/CISH/EEF1B2/ARHGAP45/DGKA/STMN3/RASA3/IFITM1/SUN2/FHIT/GIMAP5/TXK/CCND3/S1PR1/GPSM3/TC2N/TRAF3IP3/TESPA1
CD8_c0_t_Teff,LMNA/ZFP36/RGCC/CXCR4/DUSP2/ZFP36L2/JUND/XCL1/GZMK/FTH1/GPR183/PIK3R1/NR4A2/JUNB/MYADM/XCL2/FOS/YPEL5/FOSB/VIM/TNFAIP3/BTG1/CD69/TUBA4A/CMC1/CREM/ZNF331/FAM177A1/ANXA1/MCL1/UBE2S/METRNL/KLF6/BTG2/REL/TSC22D3/SLC2A3/NR4A3/IL7R/DUSP1/SRGN/PDE4B/CSRNP1/TUBB4B/CD44/EIF1/EZR/FAM46C/ATP1B3/TTC19
CD8_c1_Tex,CXCL13/GZMB/HAVCR2/KRT86/CCL3/ENTPD1/VCAM1/LAG3/TNFRSF9/CTLA4/CCL4L1/RBPJ/TIGIT/RGS1/TNFRSF18/PDCD1/IFNG/ACP5/LAYN/CXCR6/RGS2/GNLY/PHLDA1/DUSP4/IGKC/GAPDH/KIR2DL4/HLA-DRA/HLA-DRB1/PRF1/CD7/SIRPG/CD27/CTSD/GALNT2/GEM/SNAP47/ITGAE/PTMS/ALOX5AP/TIMD4/LYST/ETV1/NKG7/BATF/CD63/CD82/ZBED2/PKM/FKBP1A
CD8_c10_Teff_CD244,CD244/KLRG1/PTPRCAP/EEF1A1P5/PLEK/LIME1/DENND2D/SLC9A3R1/SASH3/CMC1/PSMB10/IFITM1/IGKC/TMSB4XP8/TPST2/PTPN6/NKG7/LAT/ARPC5L/CNN2/FCRL6/ZAP70/FGR/TMEM66/SAMD3/TBC1D10C/MATK/STOM/ITGB2/PPP1R18/CD97/POLD4/LCP2/GIMAP5/EOMES/GZMM/PTGDR/GBP5/HCST/TRAF3IP3/INPP4B/MYO1G/PPP1CA/SLAMF7/TC2N/IL16/RBL2/CORO1A/CISD3/CSK
CD8_c11_Teff_SEMA4A,SEMA4A/LMNA/TMEM66/EEF1A1P5/GZMK/JUND/HLA-H/PTPRCAP/TMSB4XP8/C6orf62/CD97/RGCC/MATR3/SMG1P1/NPIPB4/FOSB/C17orf76-AS1/KLRK1/GIMAP5/NLRC5/H3F3AP4/ITM2A/PVRIG/NPIPB5/NPIPB3/DENND2D/CCR5/FAIM3/SRPR/C1orf63/SLC20A1/CD27/TAPSAR1/TUBB4B/CHI3L2/MYADM/CPNE1/PIP4K2A/FOS/ZNF331/SKIL/TUBA4A/JAK3/ITM2C/EEF1G/DENND1C/INPP4B/JUNB/SRSF6/TOX
CD8_c12_Trm,ITGA1/CPNE7/TXNIP/IL7R/H1FX/TMEM173/ETS1/PIK3IP1/ERN1/BCL11B/KLRB1/TRBC1/PRDM1/CDV3/JAML/GNAI2/TRAC/DDX17/EAPP/IGKC/BTG1/FKBP5/GPR171/FAM102A/MIAT/SCML4/TSC22D3/MGEA5/TRBC2/RBMS1/ANKRD28/HNRNPL/IKZF1/GNAS/AIM1/CD81/FYB/MDFIC/LAPTM5/CXCR4/UBL3/KLF13/PDE7A/STT3B/KLRD1/PIP4K2A/MDM4/IKZF3/TOB1/RORA
CD8_c13_Tn_TCF7,NHSL2/TCF7/NACA2/C6ORF48/RACK1/SELL/C12ORF57/TPT1/GLTSCR2/LEF1/CCR7/TRABD2A/LTB/ACTN1/NBEAL1/AES/LDLRAP1/MAL/BCL11B/ETS1/TIPIN/UBALD2/TXNIP/MLXIP/FOXP1/ATM/SORL1/FAM65B/NAP1L1/NOSIP/CD48/LDHB/EEF2/ARHGAP45/SATB1/C19ORF43/FCMR/EEF1B2/KLF2/C19ORF53/RASGRP2/FBL/PABPC1/TMEM123/44448/GRK2/RCAN3/PABPC4/MLLT6/POU2F2
CD8_c2_Teff,FGFBP2/GNLY/GZMH/CX3CR1/S1PR5/SPON2/FCGR3A/PLEK/ADGRG1/FCRL6/PLAC8/EFHD2/KLRD1/HOPX/ITGB1/KLRG1/NKG7/FGR/S100A4/ZEB2/MYO1F/C12orf75/ASCL2/TBX21/DSTN/TGFBR3/PRF1/LGALS1/BIN2/EMP3/CD300A/TTC16/KLF3/TTC38/MATK/ADRB2/CD320/PXN/C1orf21/FLNA/TPST2/ITGB2/RORA/LAIR2/PATL2/SAMD3/SH3BP5/MYO1G/S1PR1/RIPOR2
CD8_c3_Tn,LTB/SELL/LEF1/NOSIP/EIF3E/CCR7/EEF1B2/MAL/GLTSCR2/AIF1/GNB2L1/S100B/C6orf48/EEF1A1/LDHB/TCF7/TMEM123/ACTN1/TPT1/TRABD2A/PASK/DONSON/FLT3LG/TXK/IL7R/UQCRB/LDLRAP1/PABPC1/UBA52/SH3YL1/C1orf162/EIF3L/NACA/NPM1/KLF2/SPINT2/NAP1L1/MYC/SERINC5/FOXP1/EEF2/RASGRP2/PFDN5/NELL2/RGS10/RCAN3/CD55/C1orf228/SMDT1/EIF3H
CD8_c4_Tstr,HSPA6/HSPA1A/HSPA1B/DNAJB1/HSPH1/HSP90AA1/BAG3/HSPD1/HSPE1/HSPB1/SERPINH1/ZFAND2A/CACYBP/HSP90AB1/FKBP4/HSPA8/DNAJA1/NR4A1/DNAJB4/UBC/PPP1R15A/DNAJA4/TNFSF9/CHORDC1/UBB/DUSP1/JUN/MRPL18/RGS2/IFNG/AHSA1/ATF3/NEU1/ANKRD37/TCP1/TNFSF14/EGR1/DEDD2/SOD1/GADD45B/TNF/RHOB/DNAJB6/FOSB/FOS/DOK2/TSPYL2/IER5/CKS2/STIP1
CD8_c5_Tisg,ISG15/IFI6/MX1/IFI44L/IFIT3/IFIT1/RSAD2/OAS1/IFI27/IFI44/XAF1/MX2/STAT1/OAS3/EPSTI1/SAMD9L/HERC5/EIF2AK2/IFIT2/LY6E/TNFSF10/SAMD9/IRF7/PLSCR1/ISG20/CMPK2/GBP1/NT5C3A/IFI35/IFI16/OASL/OAS2/PARP14/CXCL13/PARP9/TRIM22/TYMP/UBE2L6/LGALS9/EEF1A1P5/BST2/DDX60/HELZ2/SP100/SP110/USP18/LAP3/DDX60L/DDX58/RNF213
CD8_c6_Tcm,DKK3/CLDND1/TRAT1/SARAF/LDHA/ITM2C/DUSP2/MLLT3/ATP6V0C/GGA2/TRMO/GPR183/CST7/OAZ1/CREM/CMC1/CYSTM1/FAM177A1/CCR7/FTH1/GZMK/NAA50/CXCL8/HLA-B/SRGN/HLA-A/CMSS1/EZR/CCR4/CD5/NFATC2/PPP1R14B/FYN/EOMES/AOAH/TGIF1/IL9R/VIM/CD28/CMTM7/EMD/FAM102A/PLP2/ATP5MPL/PPP1R16B/SLC7A5/SLC3A2/COTL1/CD44/TGFB1
CD8_c7_p_Tex,CHI3L2/FABP5/PTPRCAP/ACTG1/CD27/CD38/CAV1/CNN2/DENND2D/PFN1/HLA-DRA/UCP2/HLA-DMA/LAT/CD74/LIMD2/COTL1/ACTB/GZMK/LIME1/HLA-DRB5/FXYD2/NUCB2/CORO1A/PSMB10/RAC2/GIMAP4/FAIM3/ARPC1B/SH2D1A/GIMAP5/PPP1CA/PPP1R18/CADM1/MYL6B/SASH3/CLIC1/RNASEK/ZYX/NME1-NME2/PYCARD/WDR1/GABARAP/IDH2/ARF5/MIR4435-1HG/POLD4/C12orf75/PLEK/FKBP1A
CD8_c8_Teff_KLRG1,LGR6/FGFBP2/PLEK/CX3CR1/S1PR5/SPON2/ADGRG1/FCRL6/RIPOR2/PAXX/KLRG1/FCGR3A/FGR/SELENOW/ATP5MC2/KLRF1/SLC9A3R1/ATP5F1B/ATP5PB/TBX21/PXN/TRIR/ATP5F1D/TTC38/TRGV10/HIST1H1E/PLAC8/PTGDR/TPST2/FYB1/MATK/RASSF1/ATP5MF/SYNE1/ATP5IF1/ELOB/ATP5F1A/CDC25B/ATP5MD/ATP5MC3/TGFBR3/ITGB2/REX1BD/C1orf21/SASH3/MYO1G/SELENOH/APMAP/SAMD3/PSMB10
CD8_c9_Tsen,KLRC4/PLCG2/IGKC/EEF1A1P5/KLRK1/KLRC4-KLRK1/TMSB4XP8/HSPA1B/HLA-H/C1orf56/NPIPB4/KIAA1551/C6orf62/HSPA1A/H3F3AP4/NKTR/PIP4K2A/NLRC5/NPIPB5/PVRIG/SLAMF7/SMG1P1/NPIPB3/DDX17
Mast,TPSB2/TPSAB1/DEFA3/CPA3/CTSG/HPGD/MS4A2/HPGDS/GATA2/LTC4S/CLU/IL1RL1/VWA5A/HDC/SLC18A2/RHEX/KIT/ADCYAP1/RGS13/RAB27B/CMA1/MAOB/MS4A3/PTGS1/CD9/CAPG/LCN2/ANXA1/GRAP2/LMO4/ANKRD28/LMNA/LAPTM4A/CSF1/ARHGAP18/ACSL4/AREG/CAVIN2/FOSB/RAB32/CD69/TSC22D1/NFKBIA/RRAD/RGS10/MPP1/CD24/RETN/TUBA1A/NCOA4
Mo_01_CD14,VCAN/S100A9/LYZ/S100A8/FCN1/S100A12/CTSS/CSTA/CYP1B1/CYBB/S100A4/S100A6/MNDA/TSPO/TKT/PLBD1/AIF1/CLEC12A/MPEG1/RETN/CD14/MARCH1/CD36/AP1S2/LTA4H/POU2F2/STXBP2/FGL2/MS4A6A/TYROBP/KCTD12/NAIP/APLP2/NUP214/NCF2/HRH2/TALDO1/ARPC1B/PYCARD/IL17RA/DUSP6/PGD/MEGF9/SERPINB1/SAMHD1/TNFSF13B/C1orf162/CFD/ASGR1/RBP7
Mo_02_CD16,AIF1/LST1/FCN1/FCGR3A/CDKN1C/CTSS/MS4A7/CFD/COTL1/POU2F2/LILRB2/SPI1/FCER1G/S100A4/STXBP2/CLEC12A/PSAP/CYBB/LILRA5/LYPD2/LRRC25/SERPINA1/TCF7L2/TKT/FGL2/HCK/DUSP6/C1orf162/TYROBP/CFP/FGR/NAAA/PTPN6/PLAC8/LILRB1/SLC7A7/PYCARD/PILRA/TYMP/CSF1R/S100A6/LYN/TNFRSF1B/GPBAR1/CST3/MTSS1/CD300E/VSIR/MPEG1/MAFB
Mono_like_01_CD14,EREG/LYZ/THBS1/FCN1/VCAN/IL1B/S100A9/MAFB/CXCL2/SERPINB2/CTSS/NLRP3/C5AR1/PLAUR/CD300E/CSTA/ATP2B1/APOBEC3A/CYBB/TIMP1/SLC11A1/PPIF/THBD/CD14/OLR1/HBEGF/CD44/AIF1/ITGAX/MPEG1/ATP13A3/KYNU/SLC43A2/LGALS2/GPCPD1/AP1S2/TKT/APLP2/CFD/CD93/PSAP/ACSL1/VEGFA/TYMP/AREG/SERPINB9/DUSP6/PLIN2/CXCL3/CCL20
Mono_like_02_CD16,MS4A7/IL1B/FCN1/LST1/FCGR3A/EREG/LILRB2/AIF1/MAFB/APOBEC3A/CTSS/COTL1/CFD/HMOX1/STXBP2/WARS/CDKN1C/LILRA5/RNF144B/C5AR1/FCER1G/IFI30/NLRP3/SAT1/PSAP/TCF7L2/SERPINA1/CFP/LRRC25/LYPD2/HES4/PILRA/SLC7A7/POU2F2/NR4A1/TKT/SPI1/TIMP1/MTSS1/CD55/ZEB2/FGL2/CD300E/FGR/TYROBP/CTSC/ZFAND5/MT2A/BAG3/ZFAND2A
Mono_like_03_CD14CD16,HLA-DRA/LYZ/HLA-DPB1/HLA-DPA1/HLA-DRB1/FCN1/CST3/HLA-DQA1/HLA-DQB1/HLA-DRB5/CD74/CLEC10A/IL1B/HLA-DMA/MS4A7/AIF1/SDS/MAFB/MS4A6A/C1QA/NPC2/FGL2/LGALS2/CPVL/IFI30/PSAP/CTSH/HLA-DMB/CD68/EREG/CD14/CTSS/HBEGF/CSF1R/CYBB/C1orf162/ADA2/C1QC/C1QB/GPR183/TYROBP/GRN/KLF4/TYMP/HLA-DQA2/IER3/CEBPD/SGK1/PLIN2/AREG
MonoDC,FCER1A/LYZ/HLA-DQA2/CLEC10A/CST3/SAMHD1/HLA-DQB1/HLA-DPB1/HLA-DRA/HLA-DPA1/HLA-DRB5/VCAN/CD74/CPVL/CD1C/HLA-DQA1/FCN1/CSTA/HLA-DMB/C1orf162/ENHO/JAML/CFP/HLA-DMA/LGALS2/COTL1/CCDC88A/POU2F2/HLA-DRB1/S100A4/LY86/AP1S2/MARCH1/ARPC1B/SPI1/GSTP1/RPS10/CIITA/SLC25A6/CLEC12A/FGL2/RPL36A/EIF3L/KCNK6/CD33/TSPO/S100A9/CTSH/S100A10/MS4A6A
Mph_01_MARCO,MARCO/CD5L/C1QB/C1QA/C1QC/SLC40A1/CD163/LIPA/MS4A7/SELENOP/FTL/HMOX1/FOLR2/FCGRT/CTSB/MS4A6A/CD68/CFD/CST3/VSIG4/VCAM1/CETP/LGMN/CCL3/BLVRB/CFP/FCGR3A/CREG1/SDC3/MS4A4A/PLD3/CPVL/LYVE1/PDK4/LILRB5/CTSL/MRC1/AXL/APOE/MAFB/ADAP2/CXCL12/NPC2/MSR1/FUCA1/AIF1/CTSS/FCER1G/MPEG1/MT2A
Mph_02_CCL20,SPP1/CXCL3/CCL20/EREG/PLIN2/CTSL/CCL7/OLR1/CSTB/CXCL2/RETN/IL1RN/SLC11A1/VCAN/TIMP1/FBP1/SERPINB2/LYZ/CD68/SDS/MARCO/C15orf48/S100A10/PLAUR/GPNMB/CTSB/FTL/SLC16A10/CXCL5/UPP1/VEGFA/MAFB/MMP19/FCER1G/CTSD/ABL2/IL1B/LGALS3/INHBA/CD44/HMOX1/IER3/TYMP/CCL2/CCL3/IFI6/AREG/ISG15/NUPR1/CXCL10
Mph_03_SPP1,SPP1/GPNMB/CTSB/MMP12/CTSD/FTL/APOC1/FABP5/CTSL/CSTB/NUPR1/RNASE1/CXCL3/APOE/CD68/PLIN2/LGALS3/HMOX1/LGMN/PSAP/CTSZ/MSR1/LIPA/PLD3/NPC2/TGFBI/SDS/ACP5/SCD/LGALS1/CXCL2/ABCA1/GLUL/ABL2/CAPG/CCL18/CCL3/TREM2/HK2/GRN/PLTP/APLP2/BLVRB/SLC16A10/CREG1/PLA2G7/MMP9/CCL20/CCL2/MT1G
Mph_04_TREM2,SPP1/APOE/APOC1/C1QC/C1QB/CTSB/CTSD/C1QA/GPNMB/PSAP/TREM2/CD14/CTSZ/CAPG/NUPR1/MSR1/GRN/CD68/HLA-DRA/CD74/CTSL/MAFB/NPC2/HLA-DRB1/FTL/LYZ/FCGR3A/TYMP/HLA-DQA1/SDS/OLR1/SGK1/HLA-DPA1/TGFBI/PLD3/FCGR2A/LGALS3/LGMN/RGS1/TMEM176B/HLA-DMB/IL4I1/CD9/MS4A6A/HLA-DMA/HMOX1/RNASE1/HLA-DRB5/CXCL9/CXCL10
Mph_05_IL1B,SELENOP/LGMN/CCL3/C1QA/C1QB/CXCL3/GPNMB/CTSB/RNASE1/C1QC/SLC40A1/MS4A7/FOLR2/IL1B/DAB2/CXCL2/CTSD/PLD3/PSAP/LIPA/CD68/APOC1/CTSZ/MS4A4A/CCL3L1/FTL/CD83/CCL4/GPR183/MSR1/CD74/FABP5/ATF3/CD163/FCGR2A/APOE/NPC2/HLA-DRA/BLVRB/CCL4L2/NR4A2/CTSL/SDS/HLA-DRB1/CD14/GRN/IER3/HLA-DPA1/CCL18/PLA2G7
Mph_06_CXCL9,CXCL10/C1QB/C1QA/CXCL9/C1QC/APOE/LGMN/CTSZ/HLA-DRB1/HLA-DQA1/CTSB/HLA-DRA/CCL3/PSAP/HLA-DPA1/CD68/CD74/CTSC/TMEM176B/HLA-DQB1/MS4A7/APOC1/SLC40A1/FOLR2/HLA-DPB1/GBP1/CD14/LYZ/NPC2/FTL/GRN/LIPA/PRDX1/HLA-DMA/PLD3/GPNMB/HLA-DRB5/MS4A6A/TYMP/MMP9/MS4A4A/HLA-DMB/IER3/CD5L/IL1B/IL4I1/CTSD/CST3/SELENOP/RNASE1
Mph_07_SLC40A1,SELENOP/C1QA/C1QB/SLC40A1/C1QC/RNASE1/LGMN/FOLR2/APOE/MS4A7/GPNMB/MS4A4A/LIPA/DAB2/PSAP/PLD3/CTSB/CTSD/CD68/CD14/CD74/MS4A6A/CD163/HLA-DRA/APOC1/HLA-DPA1/NPC2/CCL3/FCGRT/HLA-DRB1/BLVRB/GRN/FTL/MRC1/CTSZ/HLA-DMA/MSR1/HLA-DPB1/MAFB/HLA-DRB5/GPR34/SLCO2B1/CST3/CPVL/CSF1R/ADAP2/HLA-DQA1/HLA-DMB/STAB1/CREG1
Mph_08_APOE,APOC1/FTL/APOE/C1QB/C1QA/C1QC/CD68/CTSB/NPC2/SPP1/AIF1/HLA-DRA/GPNMB/TYROBP/CTSD/CD74/FCER1G/MS4A6A/HLA-DPA1/PSAP/LYZ/MSR1/TREM2/LGALS3/MS4A7/CTSZ/LGMN/CSTB/CD14/PRDX1/MS4A4A/CTSL/FOLR2/HLA-DMA/GRN/FABP5/CAPG/RNASE1/SELENOP/LIPA/CREG1/DAB2/HMOX1/BLVRB/TMEM176B/PLD3/SLC40A1/NUPR1/CXCL10/MT1G
Mph_09_STMN1,SPP1/C1QB/C1QC/C1QA/CTSB/RNASE1/TUBA1B/CTSD/TUBB/APOE/PSAP/NPC2/CD14/APOC1/CD68/STMN1/TGFBI/CTSZ/LGMN/DAB2/TREM2/FTL/CAPG/FOLR2/GRN/TOP2A/MS4A6A/MS4A4A/GPNMB/FABP5/H2AFZ/STAB1/MKI67/MSR1/PLD3/TYMS/CYBB/VSIG4/PCLAF/TUBA1C/BLVRB/CD163/UBE2C/CDK1/HMGN2/CD74/CCL3/LGALS1/SELENOP/MT1G
Neu_01_MMP8,LTF/CAMP/LCN2/PGLYRP1/MMP8/CRISP3/PADI4/S100P/CEACAM8/CD177/BPI/CLC/ARG1/S100A12/CYP4F3/RETN/CD24/ANXA3/OLFM4/S100A8/CDA/MMP9/S100A9/CKAP4/VNN1/CYBB/FCN1/MCEMP1/MNDA/LYZ/HP/RGL4/GCA/TSPO/PYGL/PLBD1/RFLNB/ORM1/NCF1/BASP1/OLR1/ITGAM/C3AR1/TFF3/SAA1/UGCG/CPNE3/CLEC12A/LTA4H/HBB
Neu_02_S100A12,S100A8/S100A12/S100A9/GCA/IL1R2/MNDA/CMTM2/VNN2/CDA/MME/FCGR3B/CSF3R/MEGF9/LRRK2/IFITM2/ACSL1/S100A6/RIPOR2/RGS18/NCF1/FPR1/SELL/MMP9/EVI2B/MGAM/NAMPT/ANP32A/CYP4F3/CLEC4E/PYGL/PROK2/S100A11/CXCR2/LILRB3/SLC25A37/CR1/QPCT/SORL1/LST1/IL17RA/TALDO1/TMEM154/H3F3A/STEAP4/ALOX5AP/S100P/RNF149/LBR/ENTPD1/FKBP5
Neu_03_ISG15,IL1R2/MNDA/CSF3R/FCGR3B/S100A8/IFITM1/IFIT2/IFIT3/GCA/RIPOR2/LRRK2/CXCR2/CLEC4E/IFITM2/CMTM2/MX2/FPR1/MEGF9/NAMPT/VNN2/RGS18/SELL/S100A12/IFIT1/TMEM154/TXNIP/SMAP2/LILRB3/SLC25A37/EVI2B/S100A9/SMCHD1/SORL1/MME/NCF1/ACSL1/LST1/RNF149/TREM1/H3F3A/RSAD2/CTSS/FPR2/TLR2/HERC5/FKBP5/TNFSF13B/MX1/YPEL3/ANP32A
Neu_04_TXNIP,IL1R2/CSF3R/FCGR3B/MNDA/CXCR2/RIPOR2/GCA/FPR1/NAMPT/TMEM154/LRRK2/RGS18/IFITM2/MEGF9/SORL1/CMTM2/SLC25A37/CLEC4E/S100A8/TXNIP/VNN2/EVI2B/SMAP2/LILRB3/RNF149/LST1/TREM1/MME/S100A9/H3F3A/FPR2/ITM2B/SELL/MXD1/KCNJ2/CTSS/SMCHD1/YPEL3/ACSL1/TLR2/NCF2/CSF2RB/CLEC7A/IRS2/ANP32A/P2RY13/CPPED1/FKBP5/CELF2/IFITM1
Neu_05_ELL2,SAMSN1/C5AR1/NAMPT/BASP1/S100A9/G0S2/PLAUR/IFITM2/ACSL1/ELL2/TREM1/S100P/SLA/SRGN/CEBPB/SLC11A1/S100A12/AQP9/PROK2/MXD1/IL1R2/RNF149/FPR1/CD55/CLEC4E/IRAK3/TMCC3/CXCL8/S100A8/FTH1/CMTM2/CPD/SLC25A37/PHACTR1/RGS2/BCL2A1/CSF3R/LITAF/PTGS2/VNN2/SAT1/IVNS1ABP/SYAP1/SMCHD1/RILPL2/IFRD1/ABHD5/USP10/PRKDC/FRMD4B
Neu_06_PTGS2,PTGS2/CXCL8/G0S2/PROK2/PLAUR/NAMPT/BCL2A1/C5AR1/OSM/IL1B/SRGN/FTH1/PHACTR1/AQP9/LITAF/BASP1/IVNS1ABP/TREM1/RGS2/GLUL/CMTM2/FPR1/MXD1/IFITM2/FCGR3B/CSF3R/SLC25A37/DUSP1/CXCR2/HCAR3/MNDA/VNN2/TNFAIP3/PLEK/TRIB1/PPIF/CD55/CEBPB/ICAM1/CPD/ACSL1/CXCL1/NFKBIZ/IL1RN/LCP2/PTPRE/TAGAP/NR4A3/GPR65/IFRD1
Neu_07_APOA2,G0S2/CXCL8/APOA2/C5AR1/NAMPT/FCGR3B/PLAUR/CMTM2/BCL2A1/S100A9/LITAF/TREM1/AQP9/SRGN/IFITM2/FTH1/CXCR2/CSF3R/BASP1/FPR1/MNDA/MXD1/PROK2/PHACTR1/PTGS2/GLUL/TNFAIP6/APOC3/RGS2/ALB/ACSL1/SERPINA1/OSM/CXCL1/SLC25A37/CEBPB/IVNS1ABP/PLEK/GCA/CD55/APOA1/RNF149/TRIB1/RBP4/AMBP/APOB/APOH/FABP1/PPIF/SAMSN1
Neu_08_CD74,PI3/C15orf48/G0S2/CXCL8/PPIF/PHACTR1/BCL2A1/ALOX5AP/FTH1/IFITM2/FCGR3B/FCER1G/HCAR3/CMTM2/H3F3B/S100A9/S100A11/SRGN/NAMPT/LITAF/TREM1/MCEMP1/IER3/SLC25A37/LST1/PLAUR/AQP9/MXD1/BRI3/SLPI/TNFAIP6/IFITM3/PLEK/CEBPB/GLUL/OSM/MAP1LC3B/ASAH1/GK/VEGFA/LCP2/ICAM1/TRIB1/CCRL2/CCL3L1/KATNBL1/ZNF267/GBP1/ZFYVE16/CCL4L2
Neu_09_IFIT1,RSAD2/IFIT3/IFIT2/C15orf48/ISG15/G0S2/IFIT1/CXCL8/TNFAIP6/FCGR3B/BCL2A1/OSM/PHACTR1/FTH1/NAMPT/IFITM2/SAT1/H3F3B/LITAF/IFITM3/PLAUR/HCAR3/PPIF/IER3/CCL3L1/AQP9/MXD1/FFAR2/ALOX5AP/CCL4L2/MX2/GBP1/MX1/ICAM1/IFI6/PLEK/HERC5/CXCL1/PTGS2/IL1RN/CCR1/TAGAP/TNFSF13B/LCP2/CCRL2/PLAU/HES4/VEGFA/GBP5/TNFSF10
Neu_10_SPP1,C15orf48/PI3/CXCL8/G0S2/FTH1/BCL2A1/PHACTR1/CCL3L1/NAMPT/S100A11/IER3/SPP1/BRI3/ALOX5AP/NFKBIA/CEBPB/FCER1G/PLAUR/VEGFA/SLPI/PPIF/MCEMP1/KRT19/CCL4L2/TNFAIP6/TREM1/CXCL1/HCAR3/ASAH1/CCRL2/OSM/SPINK1/MAP1LC3B/NSMAF/SLC25A37/BNIP3L/CD83/MXD1/KRT18/DDIT3/UBE2B/CYSTM1/EGR1/IVNS1ABP/ATP6V0B/KATNBL1/LGALS3/LCP2/SNX10/ERO1A
Neu_11_CCL4,CCL3L1/CCL4L2/C15orf48/CXCL8/PI3/CCL3/G0S2/CCL4/IL1B/PHACTR1/BCL2A1/IER3/TNFAIP6/NFKBIA/IL1A/FTH1/NAMPT/ALOX5AP/PLAUR/OSM/CD83/PPIF/ICAM1/TNFAIP3/FCER1G/CLEC4E/CEBPB/AQP9/CXCL1/CCRL2/CXCL2/VEGFA/LITAF/OLR1/KDM6B/MXD1/PLEK/EGR3/IL1RN/TNFAIP2/NFKBIZ/BRI3/EGR1/PTGS2/SLPI/TANK/LCP2/ARL5B/PLAU/CCL20
DC_01_CLEC9A,CPVL/CST3/HLA-DPB1/HLA-DPA1/HLA-DQB1/CLEC9A/LGALS2/CD74/HLA-DRA/HLA-DRB1/SNX3/HLA-DRB5/C1orf54/HLA-DQA1/IDO1/IRF8/CPNE3/WDFY4/HLA-DQA2/LYZ/RAB7B/RGS10/SHTN1/C1orf162/CADM1/HLA-DMA/DNASE1L3/MPEG1/GSTP1/BATF3/TACSTD2/FGL2/S100A10/NAP1L1/CTSZ/XCR1/PPA1/S100B/PPT1/LSP1/TMSB4X/CCND1/GPR157/RAB32/HLA-DMB/TSPAN33/SLAMF7/NAAA/CLNK/TXN
DC_02_CD1C,HLA-DRA/HLA-DPB1/CLEC10A/HLA-DQB1/HLA-DQA1/HLA-DPA1/HLA-DRB1/CD1C/CST3/HLA-DRB5/HLA-DQA2/FCER1A/CD74/GPR183/AREG/LYZ/LGALS2/HLA-DMA/CPVL/IFI30/HLA-DMB/MS4A6A/CD1E/C1orf162/CTSH/JAML/CD86/GPAT3/GRASP/HBEGF/FCGR2B/CSF2RA/NR4A3/FGL2/CIITA/RNASE6/ITGAX/PLD4/INSIG1/SAMHD1/PPA1/TYMP/COTL1/MAT2A/SGK1/ARL4C/CEBPD/SDS/HERPUD1/ATP1B3
DC_03_LAMP3,CCL19/TXN/BIRC3/CCR7/MARCKSL1/IDO1/FSCN1/LAMP3/CCL22/CXCL9/LGALS2/EBI3/CD83/PPA1/HLA-DPB1/CCL17/NUB1/DAPP1/RASSF4/HLA-DQA1/GPR157/HLA-DRA/GPR183/CSF2RA/DUSP5/KIF2A/HLA-DQB1/TNFAIP2/LSP1/ID2/POGLUT1/GSTP1/CD40/TUBA1C/HLA-DPA1/CD74/MGLL/BASP1/CTSH/HLA-DRB1/MARCKS/GRSF1/RAB9A/SYNGR2/GPX4/NCCRP1/TYMP/ALDH2/RGS1/TMSB10
DC_04_CD207,S100B/FCGBP/HLA-DQB2/CD1A/CD207/FCER1A/HLA-DRB5/HLA-DQB1/HLA-DQA1/HLA-DRA/HLA-DQA2/CD1E/HLA-DPB1/CD74/HLA-DPA1/CD1C/TACSTD2/PKIB/HLA-DRB1/GSN/CTSH/NDRG2/LTB/PLEK2/HLA-DMA/AIF1/HLA-DMB/PPM1N/CST3/CSF1R/YWHAH/CAPG/C15orf48/IL22RA2/SPI1/CKLF/IL18/SERPINF1/C1QC/MS4A6A/SYNGR2/AXL/HPGDS/CPVL/CD86/RGS10/ALOX5AP/LST1/CLDN1/GPR183
DC_05_LILRA4,GPR183/SPIB/HLA-DQA1/HLA-DQB1/AREG/HLA-DRA/HLA-DPA1/HLA-DPB1/GRASP/HLA-DRB1/CD74/ATF5/PLAC8/PLD4/IFI30/NR4A3/IRF4/LILRA4/BID/HLA-DMA/PPP1R14A/SYNGR2/JAML/IL4I1/CD86/HLA-DMB/ETV3/IL3RA/CCDC50/CST3/ARL4C/HLA-DQA2/METRNL/IRF8/RAB11FIP1/COTL1/CD83/EZR/HLA-DRB5/LTB/HERPUD1/CHMP1B/REL/PPA1/SERPINB9/S100B/ACOT7/SOX4/PTGDS/TXN
DC_06_STMN1,CD1C/CST3/HLA-DRA/HLA-DRB1/TUBA1B/HLA-DPA1/HLA-DQB1/HLA-DQA1/HLA-DRB5/CD74/HLA-DPB1/STMN1/LYZ/FCER1A/GPR183/PCLAF/TUBB/MS4A6A/HMGN2/CLEC10A/HLA-DQA2/H2AFZ/TYMS/HLA-DMA/S100B/MKI67/CD1E/CTSH/AP1S2/TK1/CPVL/CD1A/CAPG/IFI30/CKS1B/CENPF/SDS/UBE2C/AIF1/HLA-DMB/TOP2A/PKIB/INSIG1/HMGB2/YWHAH/COTL1/DUT/AREG/HIST1H4C/FCGBP
ecm_myCAF,ASPN/COL3A1/THY1/SFRP2/COL10A1/COL6A3/LRRC17/CILP/GRP/ITGBL1/COL8A1/COL14A1/ADAM12/OLFML2B/ELN/PLPP4/CREB3L1/FBN1/LOXL1/MATN3/LRRC15/COMP/ISLR/P3H1/COL11A1/SEPT11/NBL1/SPON1/SULF1/FNDC1/CNN1/MIAT/MMP23B/CPXM1/FIBIN/P4HA3/GXYLT2/CILP2/P3H4/CCDC80
detox_iCAF,ADH1B/C7/CXCL12/TNXB/RSPO3/DCN/C16orf89/GDF10/PAMR1/FXYD1/ZBTB16/SLIT3/HSPB6/IL6/FBLN5/OGN/PLA2G2A/CHRDL1/CYGB/FGF7/PI16/PLAC9/WISP2/PTX3/CCL2/CXCL3
IL_iCAF,ITM2A/CXCL12/FIGF/FXYD1/PLPP3/TNFRSF10D/CTB-92J24.3/LAMC3/C7/ZBTB16/CAPN6/SCARA5/DLK1/MEG3/TAC1/THUMPD3-AS1/GMFG/CYGB/CCL8/VCAM1/FMO2/FBLN5/COLEC12/PDGFD/GADD45G/SNAI1/LSP1/CCL2/IL6/PTGS2/NR2F1/F10/CEBPA/KDM6B/PID1
TGF_myCAF,CST1/LAMP5/LOXL1/EDNRA/TGFB1/TGFB3/TNN/CST2/HES4/COL10A1/ELN/THBS4/NKD2/OLFM2/COL6A3/LRRC17/COL3A1/THY1/HTRA3/TMEM204/SEPT11/COMP/TNFAIP6/ID4/GGT5/INAFM1/CILP/OLFML2B
wound_myCAF,SFRP4/CCDC80/OGN/DCN/PTGER3/SFRP2/PDGFRL/SMOC2/MMP23B/CPXM2/COL14A1/ITGBL1/WISP2/CILP2/COL8A1/GAS1/COL3A1/OMD/COL11A1/CILP/NEXN/ASPN/RARRES2/FIBIN/TMEM119/KERA/ID4/GRP/COMP/DPT/ELN/FBLN2/IGF1/IGF2
IFN_iCAF,CCL19/VCAM1/RBP5/CYP1B1/C7/TNFRSF4/CXCL13/CXCL9/CCL2/IL34/ABI3BP/CYP7B1/F10/COLEC12/CXCL10/EMILIN1/GGT5/EGFLAM/PLXDC1/CXCL11/CCL8/CXCL3
CAF_S1,LAMA2/SFRP4/PDGFRA/LRRC15/GREM1/SFRP2/KIAA1462/DCN/CPXM2/PTGFR/WNT2/ADAMTSL1/FBLN5/DPP4/P4HA3/CCDC80/PRICKLE1/GALNT12/ABI3BP/GALNTL2/RSPO3/LOC100288077/PODN/CHRDL1/CILP/PRDM6/CCL11/CAPN6/PDGFRL/PTGS2/SEMA3D/DPT/NOX4/ZFHX4/EPYC/DCHS1/DNM3/COL6A6/CPZ/FLRT2/NEGR1/BMPER/LOC255480/CXCL12/HTRA3/DIO2/TNNT3/COL6A3/KCNK2/KERA/COL11A1/STMN2/SYNDIG1/ISLR/COL10A1/ADH1B/OMD/GAS1/PTX3/FLNC/SPON1/CST1/CNTN3/COMP/CD177/MFAP4/LSP1/F13A1/PLA2G2A/GDF10/UST/FHAD1/OGN/LIPG/SORCS2/FGF7/ABCA9/WISP2/BEND6/ADH1C/GRIA3/FAT4/FNDC1/SCARA5/IGFL2/KIAA1199/PI16/LOC728640/C3orf55/AOX1/CLCN4/HS3ST3A1/TMEM176B/CST2/FBN1/GXYLT2/FGL2/GABRB2/COL3A1/SLC1A7
Normal_Fibroblast,ACACB/ACSM5/ADAMTS5/ADRB1/AGTR1/AKR1C4/ANKRD20A4/ANKRD31/AQP7/ARHGAP6/ASPA/ATOH8/ATP1A2/ATP8B4/BMP5/C1QTNF7/C4orf32/CA3/CAB39L/CADM3/CCDC69/CD14/CD34/CD36/CDH6/CDHR3/CDHR4/CHRDL1/CIDEC/CLEC3B/COL21A1/COX4I2/CTSG/CYP21A2/CYP3A5/CYP4B1/CYP4F12/CYP4X1/DACT2/DGAT2/DGKB/DNASE1L3/DPY19L2/EBF2/EBF3/ECM2/ESAM/F10/FAM162B/FAM180B/FBLN5/FHL5/FNDC5/FRMPD1/FZD4/G0S2/GDF10/GHR/GPD1/HBA1/HBA2/HBB/HBD/HIGD1B/HRCT1/IL33/KANK3/KCNA2/KCNAB1/KLF2/KRT222/LIFR/LMO3/LRAT/LRP1B/MLXIPL/NEGR1/NOVA1/NPR1/NPY1R/NTN1/NTN4/PCOLCE2/PGM5/PID1/PLIN1/PLIN4/PPARG/PPP1R1A/PRG2/PXDNL/REEP1/RET/S1PR1/SCARA5/SCARF1/SCN4A/SCN4B/SDPR/SEC14L5/SEMA6C/SERINC4/SGCA/SH2D1A/SLC16A12/SLC19A3/SLC1A2/SLC2A4/SLC7A4/SLC8A1/SMOC1/SPAG17/SPRR2F/STEAP4/TCF7L1/TEF/TNMD/TNNT3/TNXB/TPSAB1/TPSB2/TRHDE/VIPR1/VIT/VSIG10L/VWF/WDR17/WNT11/ZDHHC11/ZNF304/ZNF839
